feature name,verticality,goal / problem solved,Status,billing plan," concept hierarchy path",Assigned to,Blocked by,Blocking,Date,Idea by,Priority,Tags,Tasks,Youtube guide,estimate,impact = priority %
Share of beehive inspection public URL,vertical,"Lack of knowledge / experience (../Problems%20we%20are%20solving%2015a899e8bf10455c9ef903c6e269af2c/Problems%20and%20goals%20cd532f09000b4e99a2e2fb8135a707f2/Lack%20of%20knowledge%20experience%2076651a1939d34d268d71974da0b048e9.html), Honey certification & trust (../Problems%20we%20are%20solving%2015a899e8bf10455c9ef903c6e269af2c/Problems%20and%20goals%20cd532f09000b4e99a2e2fb8135a707f2/Honey%20certification%20&%20trust%200da4be01316f448cb0ed32dc572b886a.html)",Groomed,2-essential,,,Public beehive view (Ideas%20and%20Features%20ca76f493a1454e14b7dfbae7bd292a2e/Features%20d633b0f6a0294bf484899eb3c63d77a7/Public%20beehive%20view%2084f9beec8ae04918b644177540e74243.html),,"August 4, 2024 → August 17, 2024",Sergei Kaskov (../Careers%20e50bd8e561c74102ab8e2b96276809c7/Friends%206b51c9883cd94fe8a70a4ae548d1970a/Advisors-db%20af2ec59abbb847bba31ba091372e5507/Sergei%20Kaskov%20530df848d0c54b94a3ae2b12f46c92b4.html),33,"backend, frontend",,,3,100
Varroa Treatment diary,vertical,Infestation of Varroa mite (../Problems%20we%20are%20solving%2015a899e8bf10455c9ef903c6e269af2c/Problems%20and%20goals%20cd532f09000b4e99a2e2fb8135a707f2/Infestation%20of%20Varroa%20mite%203a67aa627e0f438592cc7fb34e81d866.html),Groomed,3-professional,,,,,,,25,"backend, frontend",Mark box having treatment strips (Tasks%2067cbebc3a13c4fb3b8ac3396b4d03af4/Tasks%20069bb66e37d14486aadec4627bb9c112/Mark%20box%20having%20treatment%20strips%20e429195acbe14f0081d6086ca9174a72.html),,3,75
Alerts,horizontal,"Distant locations (../Problems%20we%20are%20solving%2015a899e8bf10455c9ef903c6e269af2c/Problems%20and%20goals%20cd532f09000b4e99a2e2fb8135a707f2/Distant%20locations%202a2e75c03b294fc9949eed71f94bfe7d.html), Observability of bee colony (../Problems%20we%20are%20solving%2015a899e8bf10455c9ef903c6e269af2c/Problems%20and%20goals%20cd532f09000b4e99a2e2fb8135a707f2/Observability%20of%20bee%20colony%20c7971983f26d4ff19da0ef3390c4871b.html)",Groomed,2-essential,,,,Weather alerts (Ideas%20and%20Features%20ca76f493a1454e14b7dfbae7bd292a2e/Features%20d633b0f6a0294bf484899eb3c63d77a7/Weather%20alerts%20a930050b479e4b6cacfdae2fed669146.html),"June 19, 2024 → July 2, 2024",,23,"backend, frontend","add email alerts (Tasks%2067cbebc3a13c4fb3b8ac3396b4d03af4/Tasks%20069bb66e37d14486aadec4627bb9c112/add%20email%20alerts%2062c895a12e4b4462a61336a044e9310b.html), add SMS alerts (Tasks%2067cbebc3a13c4fb3b8ac3396b4d03af4/Tasks%20069bb66e37d14486aadec4627bb9c112/add%20SMS%20alerts%202f7f0d1017804b6da4975861ca477623.html)",,3,70
Public beehive view,vertical,Lack of knowledge / experience (../Problems%20we%20are%20solving%2015a899e8bf10455c9ef903c6e269af2c/Problems%20and%20goals%20cd532f09000b4e99a2e2fb8135a707f2/Lack%20of%20knowledge%20experience%2076651a1939d34d268d71974da0b048e9.html),Groomed,1-community,,,,Share of beehive inspection public URL (Ideas%20and%20Features%20ca76f493a1454e14b7dfbae7bd292a2e/Features%20d633b0f6a0294bf484899eb3c63d77a7/Share%20of%20beehive%20inspection%20public%20URL%20477d096f683542f4a182e53ff5f23780.html),"July 20, 2024 → August 2, 2024",,20,"backend, frontend",,,5,100
Product onboarding videos & UI,horizontal,,Groomed,1-community,,,,,,,20,frontend,,,3,60
varroa mite detection,vertical,Infestation of Varroa mite (../Problems%20we%20are%20solving%2015a899e8bf10455c9ef903c6e269af2c/Problems%20and%20goals%20cd532f09000b4e99a2e2fb8135a707f2/Infestation%20of%20Varroa%20mite%203a67aa627e0f438592cc7fb34e81d866.html),Groomed,2-essential,apiary/hive/box/frame/frame-side/file,,,,"June 9, 2024 → June 17, 2024",,20,"IoT, ML, backend, frontend",,,5,100
Count bees coming in/out,vertical,Observability of bee colony (../Problems%20we%20are%20solving%2015a899e8bf10455c9ef903c6e269af2c/Problems%20and%20goals%20cd532f09000b4e99a2e2fb8135a707f2/Observability%20of%20bee%20colony%20c7971983f26d4ff19da0ef3390c4871b.html),Groomed,4-entrance-counter,,,,,"May 21, 2024 → June 1, 2024",,18,"IoT, ML, backend",Integrate bee counting on the edge (Tasks%2067cbebc3a13c4fb3b8ac3396b4d03af4/Tasks%20069bb66e37d14486aadec4627bb9c112/Integrate%20bee%20counting%20on%20the%20edge%20349110a6971c44b496c663b667144b9c.html),,5,90
Hornet attack detection,vertical,Hornet attacks (../Problems%20we%20are%20solving%2015a899e8bf10455c9ef903c6e269af2c/Problems%20and%20goals%20cd532f09000b4e99a2e2fb8135a707f2/Hornet%20attacks%202142670c5ca64b969786e53bf538bdcd.html),Groomed,4-entrance-counter,apiary/hive/box/frame/frame-side/file,,,Close mechanised hive entrance in case of hornet attack (Ideas%20and%20Features%20ca76f493a1454e14b7dfbae7bd292a2e/Features%20d633b0f6a0294bf484899eb3c63d77a7/Close%20mechanised%20hive%20entrance%20in%20case%20of%20hornet%20a%20c666e28eefdd45d780c9540746ef9903.html),"July 5, 2024 → July 18, 2024",,18,"IoT, ML, backend",,,5,90
Drone brood detection,vertical,"Colony with drone-laying queen / laying workers (../Problems%20we%20are%20solving%2015a899e8bf10455c9ef903c6e269af2c/Problems%20and%20goals%20cd532f09000b4e99a2e2fb8135a707f2/Colony%20with%20drone-laying%20queen%20laying%20workers%20eee9c836e8af43fba2da69d30e66af2b.html), Colony starvation (../Problems%20we%20are%20solving%2015a899e8bf10455c9ef903c6e269af2c/Problems%20and%20goals%20cd532f09000b4e99a2e2fb8135a707f2/Colony%20starvation%209925e34207b94b7e9da10e0dcfdf6e47.html)",Groomed,2-essential,,,,,,,16,"ML, backend, frontend",,,5,80
Queen management,vertical,"Colony without a queen (../Problems%20we%20are%20solving%2015a899e8bf10455c9ef903c6e269af2c/Problems%20and%20goals%20cd532f09000b4e99a2e2fb8135a707f2/Colony%20without%20a%20queen%201bfd4efcafef44fe9383b60796c1ea3f.html), Swarming (../Problems%20we%20are%20solving%2015a899e8bf10455c9ef903c6e269af2c/Problems%20and%20goals%20cd532f09000b4e99a2e2fb8135a707f2/Swarming%2013184fe7583e452dbbc8c4e57333ef97.html), Colony with drone-laying queen / laying workers (../Problems%20we%20are%20solving%2015a899e8bf10455c9ef903c6e269af2c/Problems%20and%20goals%20cd532f09000b4e99a2e2fb8135a707f2/Colony%20with%20drone-laying%20queen%20laying%20workers%20eee9c836e8af43fba2da69d30e66af2b.html)",Groomed,1-community,apiary/hive,,,,"June 9, 2024 → June 17, 2024",,14,"backend, frontend","Separate queen presense toggling from detected queens (Tasks%2067cbebc3a13c4fb3b8ac3396b4d03af4/Tasks%20069bb66e37d14486aadec4627bb9c112/Separate%20queen%20presense%20toggling%20from%20detected%20que%20ad69d0c43969492da157a31729068c46.html), Show queen age (1 year) instead of birth year (Tasks%2067cbebc3a13c4fb3b8ac3396b4d03af4/Tasks%20069bb66e37d14486aadec4627bb9c112/Show%20queen%20age%20(1%20year)%20instead%20of%20birth%20year%20162607ca42c74d6b843cceaa1a211c03.html)",,5,70
Varroa mite new infestation detection from video,vertical,Infestation of Varroa mite (../Problems%20we%20are%20solving%2015a899e8bf10455c9ef903c6e269af2c/Problems%20and%20goals%20cd532f09000b4e99a2e2fb8135a707f2/Infestation%20of%20Varroa%20mite%203a67aa627e0f438592cc7fb34e81d866.html),Idea,4-entrance-counter,,,,,,,14,ML,,,5,70
Queen detection,vertical,Colony without a queen (../Problems%20we%20are%20solving%2015a899e8bf10455c9ef903c6e269af2c/Problems%20and%20goals%20cd532f09000b4e99a2e2fb8135a707f2/Colony%20without%20a%20queen%201bfd4efcafef44fe9383b60796c1ea3f.html),Groomed,1-community,apiary/hive,,,,"June 9, 2024 → June 17, 2024",,14,"ML, backend, frontend",Change queen detection to need a confirmation from a user (Tasks%2067cbebc3a13c4fb3b8ac3396b4d03af4/Tasks%20069bb66e37d14486aadec4627bb9c112/Change%20queen%20detection%20to%20need%20a%20confirmation%20from%2095e2e39234144b9ba969cff3ca402422.html),,5,70
QR-code printing & scanning,,,Idea,2-essential,,,,,,,13,"backend, frontend",,,3,40
Quick frontpage frame demo,vertical,,Idea,1-community,,,,,,,12,"backend, frontend",,,5,60
Real-time frame scanning,vertical,Observability of bee colony (../Problems%20we%20are%20solving%2015a899e8bf10455c9ef903c6e269af2c/Problems%20and%20goals%20cd532f09000b4e99a2e2fb8135a707f2/Observability%20of%20bee%20colony%20c7971983f26d4ff19da0ef3390c4871b.html),Idea,5-robotic-beehive,,,,Full hive inspection (Ideas%20and%20Features%20ca76f493a1454e14b7dfbae7bd292a2e/Features%20d633b0f6a0294bf484899eb3c63d77a7/Full%20hive%20inspection%207d0f89c8a9de4ab3a8eb9e516b7f7172.html),,,12,"IoT, Robotics, backend, frontend",,,5,60
Close mechanised hive entrance in case of hornet attack,vertical,Hornet attacks (../Problems%20we%20are%20solving%2015a899e8bf10455c9ef903c6e269af2c/Problems%20and%20goals%20cd532f09000b4e99a2e2fb8135a707f2/Hornet%20attacks%202142670c5ca64b969786e53bf538bdcd.html),Idea,5-robotic-beehive,,,Hornet attack detection (Ideas%20and%20Features%20ca76f493a1454e14b7dfbae7bd292a2e/Features%20d633b0f6a0294bf484899eb3c63d77a7/Hornet%20attack%20detection%208dde7e03f80547fa9156ac1c16cf52af.html),,,,11,"CAD, IoT",,,7,80
Device management,vertical,,Groomed,3-professional,,,,,,,10,,,,5,50
Multiple colony unification,vertical,"Colony without a queen (../Problems%20we%20are%20solving%2015a899e8bf10455c9ef903c6e269af2c/Problems%20and%20goals%20cd532f09000b4e99a2e2fb8135a707f2/Colony%20without%20a%20queen%201bfd4efcafef44fe9383b60796c1ea3f.html), Overwintering collapse (../Problems%20we%20are%20solving%2015a899e8bf10455c9ef903c6e269af2c/Problems%20and%20goals%20cd532f09000b4e99a2e2fb8135a707f2/Overwintering%20collapse%202ad3d296fc3a4d8aaaed3a04ccf262b2.html)",Groomed,3-professional,,,,,,,9,,,,7,60
Colony comparison,vertical,Observability of bee colony (../Problems%20we%20are%20solving%2015a899e8bf10455c9ef903c6e269af2c/Problems%20and%20goals%20cd532f09000b4e99a2e2fb8135a707f2/Observability%20of%20bee%20colony%20c7971983f26d4ff19da0ef3390c4871b.html),Idea,3-professional,,,,,,,9,"backend, frontend",,,7,60
Frame analysis - starvation detection and alert,vertical,Colony starvation (../Problems%20we%20are%20solving%2015a899e8bf10455c9ef903c6e269af2c/Problems%20and%20goals%20cd532f09000b4e99a2e2fb8135a707f2/Colony%20starvation%209925e34207b94b7e9da10e0dcfdf6e47.html),Idea,2-essential,,,,,,,9,"ML, backend, frontend",,,7,60
Robbing behaviour alert based on bee counter,vertical,Robbing state (../Problems%20we%20are%20solving%2015a899e8bf10455c9ef903c6e269af2c/Problems%20and%20goals%20cd532f09000b4e99a2e2fb8135a707f2/Robbing%20state%205a23dcce211048be8e102d863f052dfe.html),Idea,4-entrance-counter,,,,Close mechanised hive entrance in case of robbing behaviour (Ideas%20and%20Features%20ca76f493a1454e14b7dfbae7bd292a2e/Features%20d633b0f6a0294bf484899eb3c63d77a7/Close%20mechanised%20hive%20entrance%20in%20case%20of%20robbing%20%2030d63cd4751f43b7b7eca4fd93f21b6c.html),,,9,"backend, frontend",,,7,60
Drone detection,vertical,Observability of bee colony (../Problems%20we%20are%20solving%2015a899e8bf10455c9ef903c6e269af2c/Problems%20and%20goals%20cd532f09000b4e99a2e2fb8135a707f2/Observability%20of%20bee%20colony%20c7971983f26d4ff19da0ef3390c4871b.html),Idea,2-essential,,Jassem Manita (../Careers%20e50bd8e561c74102ab8e2b96276809c7/Team%205ff38d33b8a2448ca02ffc26aed09278/Team%20db%20a9358923ffb1467387b2fea1216f1e76/Jassem%20Manita%20990a318d1a214965ab383eabd8655f36.html),,,,,9,ML,improve drone detection (Tasks%2067cbebc3a13c4fb3b8ac3396b4d03af4/Tasks%20069bb66e37d14486aadec4627bb9c112/improve%20drone%20detection%20bc21a663a3c7401d9559c356b49ebb80.html),,7,60
Close mechanised hive entrance in case of robbing behaviour,vertical,Robbing state (../Problems%20we%20are%20solving%2015a899e8bf10455c9ef903c6e269af2c/Problems%20and%20goals%20cd532f09000b4e99a2e2fb8135a707f2/Robbing%20state%205a23dcce211048be8e102d863f052dfe.html),Idea,5-robotic-beehive,,,Robbing behaviour alert based on bee counter (Ideas%20and%20Features%20ca76f493a1454e14b7dfbae7bd292a2e/Features%20d633b0f6a0294bf484899eb3c63d77a7/Robbing%20behaviour%20alert%20based%20on%20bee%20counter%2078b978ebf0e246ef83244d02ed7c0c1c.html),,,,8,"CAD, IoT",,,5,40
Manual inspections timeline,vertical,Observability of bee colony (../Problems%20we%20are%20solving%2015a899e8bf10455c9ef903c6e269af2c/Problems%20and%20goals%20cd532f09000b4e99a2e2fb8135a707f2/Observability%20of%20bee%20colony%20c7971983f26d4ff19da0ef3390c4871b.html),In development,2-essential,apiary/hive,Artjom Kurapov (../Careers%20e50bd8e561c74102ab8e2b96276809c7/Team%205ff38d33b8a2448ca02ffc26aed09278/Team%20db%20a9358923ffb1467387b2fea1216f1e76/Artjom%20Kurapov%20d208c8d926334b2fb7205f336fe6fbed.html),,,"April 1, 2024 → May 28, 2024",,8,"backend, frontend","In timeline view, show note of the inspection (Tasks%2067cbebc3a13c4fb3b8ac3396b4d03af4/Tasks%20069bb66e37d14486aadec4627bb9c112/In%20timeline%20view,%20show%20note%20of%20the%20inspection%20171efaf717a64785878de407272066c1.html)",,9,70
Wax moth detection,vertical,Infestations (../Problems%20we%20are%20solving%2015a899e8bf10455c9ef903c6e269af2c/Problems%20and%20goals%20cd532f09000b4e99a2e2fb8135a707f2/Infestations%20bb89fd9dc3674f14823447875ea60324.html),Idea,3-professional,,,,,,,7,ML,,,3,20
Laying workers cell detection,vertical,Colony with drone-laying queen / laying workers (../Problems%20we%20are%20solving%2015a899e8bf10455c9ef903c6e269af2c/Problems%20and%20goals%20cd532f09000b4e99a2e2fb8135a707f2/Colony%20with%20drone-laying%20queen%20laying%20workers%20eee9c836e8af43fba2da69d30e66af2b.html),Idea,2-essential,,,,,,,7,"ML, backend, frontend",,,5,35
Detect bees with pollen for foraging statistics,vertical,"Observability of bee colony (../Problems%20we%20are%20solving%2015a899e8bf10455c9ef903c6e269af2c/Problems%20and%20goals%20cd532f09000b4e99a2e2fb8135a707f2/Observability%20of%20bee%20colony%20c7971983f26d4ff19da0ef3390c4871b.html), Colony starvation (../Problems%20we%20are%20solving%2015a899e8bf10455c9ef903c6e269af2c/Problems%20and%20goals%20cd532f09000b4e99a2e2fb8135a707f2/Colony%20starvation%209925e34207b94b7e9da10e0dcfdf6e47.html), Insufficient pollination (../Problems%20we%20are%20solving%2015a899e8bf10455c9ef903c6e269af2c/Problems%20and%20goals%20cd532f09000b4e99a2e2fb8135a707f2/Insufficient%20pollination%2093d31ab6309443f9bbe0a50f4b560188.html)",Idea,4-entrance-counter,,,,,,,6,ML,,,7,40
Daily loss of bees stats and alert based on counter,vertical,Pesticide exposure / poisoning (../Problems%20we%20are%20solving%2015a899e8bf10455c9ef903c6e269af2c/Problems%20and%20goals%20cd532f09000b4e99a2e2fb8135a707f2/Pesticide%20exposure%20poisoning%2048fb3122dddc443c90a9c777585f54cc.html),Idea,4-entrance-counter,,,,,,,6,"backend, frontend",,,7,45
Video streaming from phone,vertical,Observability of bee colony (../Problems%20we%20are%20solving%2015a899e8bf10455c9ef903c6e269af2c/Problems%20and%20goals%20cd532f09000b4e99a2e2fb8135a707f2/Observability%20of%20bee%20colony%20c7971983f26d4ff19da0ef3390c4871b.html),Idea,4-entrance-counter,,,,,,,6,"backend, frontend",,,5,30
Frame analysis - spotty brood pattern detection,vertical,Colony without a queen (../Problems%20we%20are%20solving%2015a899e8bf10455c9ef903c6e269af2c/Problems%20and%20goals%20cd532f09000b4e99a2e2fb8135a707f2/Colony%20without%20a%20queen%201bfd4efcafef44fe9383b60796c1ea3f.html),Idea,2-essential,,,,,,,6,"ML, backend, frontend",,,7,40
Video streaming API,vertical,Observability of bee colony (../Problems%20we%20are%20solving%2015a899e8bf10455c9ef903c6e269af2c/Problems%20and%20goals%20cd532f09000b4e99a2e2fb8135a707f2/Observability%20of%20bee%20colony%20c7971983f26d4ff19da0ef3390c4871b.html),Groomed,4-entrance-counter,apiary/hive,,,Video streaming playback (Ideas%20and%20Features%20ca76f493a1454e14b7dfbae7bd292a2e/Features%20d633b0f6a0294bf484899eb3c63d77a7/Video%20streaming%20playback%207214e1994f564d4b8888a5acae7318f0.html),"May 20, 2024 → June 2, 2024",,6,"IoT, backend, frontend",Handle network disconnects on client side (Tasks%2067cbebc3a13c4fb3b8ac3396b4d03af4/Tasks%20069bb66e37d14486aadec4627bb9c112/Handle%20network%20disconnects%20on%20client%20side%20abdb1348e4d34ea69010843cd565accc.html),,7,40
Telemetry API,horizontal,Observability of bee colony (../Problems%20we%20are%20solving%2015a899e8bf10455c9ef903c6e269af2c/Problems%20and%20goals%20cd532f09000b4e99a2e2fb8135a707f2/Observability%20of%20bee%20colony%20c7971983f26d4ff19da0ef3390c4871b.html),In development,4-iot-sensors,analytics,"Ahmed Daoudi (../Careers%20e50bd8e561c74102ab8e2b96276809c7/Team%205ff38d33b8a2448ca02ffc26aed09278/Team%20db%20a9358923ffb1467387b2fea1216f1e76/Ahmed%20Daoudi%2032fbac61111f48b58695f79b82c7c61d.html), Artjom Kurapov (../Careers%20e50bd8e561c74102ab8e2b96276809c7/Team%205ff38d33b8a2448ca02ffc26aed09278/Team%20db%20a9358923ffb1467387b2fea1216f1e76/Artjom%20Kurapov%20d208c8d926334b2fb7205f336fe6fbed.html)",,Analytics with grafana (Ideas%20and%20Features%20ca76f493a1454e14b7dfbae7bd292a2e/Features%20d633b0f6a0294bf484899eb3c63d77a7/Analytics%20with%20grafana%20044239bdf92544a0a1ed95258d812e04.html),"May 22, 2024 → June 1, 2024",,6,"IoT, backend",telemetry-api: setup MQTT broker server (Tasks%2067cbebc3a13c4fb3b8ac3396b4d03af4/Tasks%20069bb66e37d14486aadec4627bb9c112/telemetry-api%20setup%20MQTT%20broker%20server%20177a069fe1354a8aa2b7e059d69a33e8.html),,5,30
Create colony split,vertical,Swarming (../Problems%20we%20are%20solving%2015a899e8bf10455c9ef903c6e269af2c/Problems%20and%20goals%20cd532f09000b4e99a2e2fb8135a707f2/Swarming%2013184fe7583e452dbbc8c4e57333ef97.html),Groomed,3-professional,,,,,,,5,,,,11,60
Pollination optimization with hive placement recommendation,vertical,"Insufficient pollination (../Problems%20we%20are%20solving%2015a899e8bf10455c9ef903c6e269af2c/Problems%20and%20goals%20cd532f09000b4e99a2e2fb8135a707f2/Insufficient%20pollination%2093d31ab6309443f9bbe0a50f4b560188.html), Distant locations (../Problems%20we%20are%20solving%2015a899e8bf10455c9ef903c6e269af2c/Problems%20and%20goals%20cd532f09000b4e99a2e2fb8135a707f2/Distant%20locations%202a2e75c03b294fc9949eed71f94bfe7d.html)",Idea,3-professional,,,,,,,5,"backend, frontend",Ability to add pollen / honey lab results notes (Tasks%2067cbebc3a13c4fb3b8ac3396b4d03af4/Tasks%20069bb66e37d14486aadec4627bb9c112/Ability%20to%20add%20pollen%20honey%20lab%20results%20notes%20775e5b040e4c4d4e89b005413ae0059e.html),,13,60
Manual inspections - Bulk upload per box,vertical,Observability of bee colony (../Problems%20we%20are%20solving%2015a899e8bf10455c9ef903c6e269af2c/Problems%20and%20goals%20cd532f09000b4e99a2e2fb8135a707f2/Observability%20of%20bee%20colony%20c7971983f26d4ff19da0ef3390c4871b.html),Idea,2-essential,,,,,,,5,"backend, frontend",,,7,35
Frame analysis - chilled brood,vertical,"Not weather-resistant hives (../Problems%20we%20are%20solving%2015a899e8bf10455c9ef903c6e269af2c/Problems%20and%20goals%20cd532f09000b4e99a2e2fb8135a707f2/Not%20weather-resistant%20hives%200d0ca3ba83234d639559c94f6a6fbeaa.html), Lack of knowledge / experience (../Problems%20we%20are%20solving%2015a899e8bf10455c9ef903c6e269af2c/Problems%20and%20goals%20cd532f09000b4e99a2e2fb8135a707f2/Lack%20of%20knowledge%20experience%2076651a1939d34d268d71974da0b048e9.html)",Idea,2-essential,,,,,,,5,"ML, backend, frontend",,,5,25
Ant detection,vertical,Infestations (../Problems%20we%20are%20solving%2015a899e8bf10455c9ef903c6e269af2c/Problems%20and%20goals%20cd532f09000b4e99a2e2fb8135a707f2/Infestations%20bb89fd9dc3674f14823447875ea60324.html),Idea,3-professional,,Fam A. Shihata (../Careers%20e50bd8e561c74102ab8e2b96276809c7/Team%205ff38d33b8a2448ca02ffc26aed09278/Team%20db%20a9358923ffb1467387b2fea1216f1e76/Fam%20A%20Shihata%203f975106e9b4417dafba997e8c0f2422.html),,,,,5,ML,,,3,15
Offline mode,horizontal,Distant locations (../Problems%20we%20are%20solving%2015a899e8bf10455c9ef903c6e269af2c/Problems%20and%20goals%20cd532f09000b4e99a2e2fb8135a707f2/Distant%20locations%202a2e75c03b294fc9949eed71f94bfe7d.html),Idea,2-essential,,,,,,,4,frontend,,,7,30
Show close-by beekeepers (from government registry),vertical,"Neglect to treat mites, requeen or feed (../Problems%20we%20are%20solving%2015a899e8bf10455c9ef903c6e269af2c/Problems%20and%20goals%20cd532f09000b4e99a2e2fb8135a707f2/Neglect%20to%20treat%20mites,%20requeen%20or%20feed%206e953c567ee74f4c9bdf219e5bb80164.html), Lack of knowledge / experience (../Problems%20we%20are%20solving%2015a899e8bf10455c9ef903c6e269af2c/Problems%20and%20goals%20cd532f09000b4e99a2e2fb8135a707f2/Lack%20of%20knowledge%20experience%2076651a1939d34d268d71974da0b048e9.html)",Idea,1-community,,,,,,,4,"backend, frontend",,,7,30
SkyFi integration,vertical,"Insufficient pollination (../Problems%20we%20are%20solving%2015a899e8bf10455c9ef903c6e269af2c/Problems%20and%20goals%20cd532f09000b4e99a2e2fb8135a707f2/Insufficient%20pollination%2093d31ab6309443f9bbe0a50f4b560188.html), Monoculture agriculture (../Problems%20we%20are%20solving%2015a899e8bf10455c9ef903c6e269af2c/Problems%20and%20goals%20cd532f09000b4e99a2e2fb8135a707f2/Monoculture%20agriculture%20361e470fd22a4b61b50fba3d486fb8bb.html)",Idea,3-professional,,,,,,,4,"backend, frontend",,,7,25
Moving robot between hives,vertical,"Insufficient pollination (../Problems%20we%20are%20solving%2015a899e8bf10455c9ef903c6e269af2c/Problems%20and%20goals%20cd532f09000b4e99a2e2fb8135a707f2/Insufficient%20pollination%2093d31ab6309443f9bbe0a50f4b560188.html), Physical labor (../Problems%20we%20are%20solving%2015a899e8bf10455c9ef903c6e269af2c/Problems%20and%20goals%20cd532f09000b4e99a2e2fb8135a707f2/Physical%20labor%20b8861af7945c4cfea61020521ec26a27.html)",Idea,6-robotic-apiary,,,,,,,4,"CAD, IoT, Robotics, backend, frontend",,,13,50
Apiary position sharing,vertical,"Pesticide exposure / poisoning (../Problems%20we%20are%20solving%2015a899e8bf10455c9ef903c6e269af2c/Problems%20and%20goals%20cd532f09000b4e99a2e2fb8135a707f2/Pesticide%20exposure%20poisoning%2048fb3122dddc443c90a9c777585f54cc.html), Diseases (../Problems%20we%20are%20solving%2015a899e8bf10455c9ef903c6e269af2c/Problems%20and%20goals%20cd532f09000b4e99a2e2fb8135a707f2/Diseases%202670014b9e2b461f9021f64f1314b6b0.html), Lack of knowledge / experience (../Problems%20we%20are%20solving%2015a899e8bf10455c9ef903c6e269af2c/Problems%20and%20goals%20cd532f09000b4e99a2e2fb8135a707f2/Lack%20of%20knowledge%20experience%2076651a1939d34d268d71974da0b048e9.html), Challenging to become a new beekeeper (../Problems%20we%20are%20solving%2015a899e8bf10455c9ef903c6e269af2c/Problems%20and%20goals%20cd532f09000b4e99a2e2fb8135a707f2/Challenging%20to%20become%20a%20new%20beekeeper%20bdf59f6539da4005a394efac02c9c949.html)",Groomed,1-community,,,,,,,4,"backend, frontend",,,5,20
Video streaming playback,vertical,Observability of bee colony (../Problems%20we%20are%20solving%2015a899e8bf10455c9ef903c6e269af2c/Problems%20and%20goals%20cd532f09000b4e99a2e2fb8135a707f2/Observability%20of%20bee%20colony%20c7971983f26d4ff19da0ef3390c4871b.html),Groomed,4-entrance-counter,,,Video streaming API (Ideas%20and%20Features%20ca76f493a1454e14b7dfbae7bd292a2e/Features%20d633b0f6a0294bf484899eb3c63d77a7/Video%20streaming%20API%202d7a22aaf3a74b8e831f2a409c243e69.html),,"June 17, 2024 → June 28, 2024",,4,"backend, frontend",Design UI for hive entrance video replay (Tasks%2067cbebc3a13c4fb3b8ac3396b4d03af4/Tasks%20069bb66e37d14486aadec4627bb9c112/Design%20UI%20for%20hive%20entrance%20video%20replay%200edd6914f7b041fd96670b8afe439aca.html),,13,55
Multiple user support,horizontal,Unscalable work (../Problems%20we%20are%20solving%2015a899e8bf10455c9ef903c6e269af2c/Problems%20and%20goals%20cd532f09000b4e99a2e2fb8135a707f2/Unscalable%20work%20edf27023ac904c1d9e8b383924df12c3.html),Idea,3-professional,,,,,,,4,,Invite users to the account (Tasks%2067cbebc3a13c4fb3b8ac3396b4d03af4/Tasks%20069bb66e37d14486aadec4627bb9c112/Invite%20users%20to%20the%20account%20944ffdb2ecb04c2aac9e772179247e1d.html),,7,30
Mechanically reduce hive entrance in case of high wind,vertical,Not weather-resistant hives (../Problems%20we%20are%20solving%2015a899e8bf10455c9ef903c6e269af2c/Problems%20and%20goals%20cd532f09000b4e99a2e2fb8135a707f2/Not%20weather-resistant%20hives%200d0ca3ba83234d639559c94f6a6fbeaa.html),Idea,5-robotic-beehive,,,,,,,3,"CAD, IoT, Robotics",,,5,15
"Calendar view (of events, treatments, alerts)",vertical,Observability of bee colony (../Problems%20we%20are%20solving%2015a899e8bf10455c9ef903c6e269af2c/Problems%20and%20goals%20cd532f09000b4e99a2e2fb8135a707f2/Observability%20of%20bee%20colony%20c7971983f26d4ff19da0ef3390c4871b.html),Idea,3-professional,,,,Google-calendar integration (Ideas%20and%20Features%20ca76f493a1454e14b7dfbae7bd292a2e/Features%20d633b0f6a0294bf484899eb3c63d77a7/Google-calendar%20integration%20a5b2322fc3ba4e73a0ee14bf968ffcaf.html),,,3,"backend, frontend",,,7,20
Weather alerts,vertical,Not weather-resistant hives (../Problems%20we%20are%20solving%2015a899e8bf10455c9ef903c6e269af2c/Problems%20and%20goals%20cd532f09000b4e99a2e2fb8135a707f2/Not%20weather-resistant%20hives%200d0ca3ba83234d639559c94f6a6fbeaa.html),Idea,2-essential,,Hatem Soliman (../Careers%20e50bd8e561c74102ab8e2b96276809c7/Team%205ff38d33b8a2448ca02ffc26aed09278/Team%20db%20a9358923ffb1467387b2fea1216f1e76/Hatem%20Soliman%20cfeb7dea0a4841e796810511a6d12a11.html),Alerts (Ideas%20and%20Features%20ca76f493a1454e14b7dfbae7bd292a2e/Features%20d633b0f6a0294bf484899eb3c63d77a7/Alerts%208b65dea8fc164a7f91b0a76fa0948189.html),,"July 7, 2024 → July 20, 2024",,3,"backend, frontend",integrate weather warnings (storms/hurricanes) -> compare to apiary location -> generate app alert (Tasks%2067cbebc3a13c4fb3b8ac3396b4d03af4/Tasks%20069bb66e37d14486aadec4627bb9c112/integrate%20weather%20warnings%20(storms%20hurricanes)%20-%20c%2065e15eb4b18a480182660c7f18d71491.html),,13,45
Hive beetle detection,vertical,Infestations (../Problems%20we%20are%20solving%2015a899e8bf10455c9ef903c6e269af2c/Problems%20and%20goals%20cd532f09000b4e99a2e2fb8135a707f2/Infestations%20bb89fd9dc3674f14823447875ea60324.html),Idea,3-professional,,,,,,,3,ML,,,5,15
Bee race classification,vertical,Observability of bee colony (../Problems%20we%20are%20solving%2015a899e8bf10455c9ef903c6e269af2c/Problems%20and%20goals%20cd532f09000b4e99a2e2fb8135a707f2/Observability%20of%20bee%20colony%20c7971983f26d4ff19da0ef3390c4871b.html),Idea,3-professional,,,,,,,3,ML,,,5,15
Analytics - demography and simulation,vertical,"Observability of bee colony (../Problems%20we%20are%20solving%2015a899e8bf10455c9ef903c6e269af2c/Problems%20and%20goals%20cd532f09000b4e99a2e2fb8135a707f2/Observability%20of%20bee%20colony%20c7971983f26d4ff19da0ef3390c4871b.html), Overwintering collapse (../Problems%20we%20are%20solving%2015a899e8bf10455c9ef903c6e269af2c/Problems%20and%20goals%20cd532f09000b4e99a2e2fb8135a707f2/Overwintering%20collapse%202ad3d296fc3a4d8aaaed3a04ccf262b2.html)",Idea,3-professional,,,,,,,3,"backend, frontend","add colony population estimation (Tasks%2067cbebc3a13c4fb3b8ac3396b4d03af4/Tasks%20069bb66e37d14486aadec4627bb9c112/add%20colony%20population%20estimation%20dd338f3e0d34456db8e4e2138becd30c.html), Calculate daily bee loss based on gate traffic stats (Tasks%2067cbebc3a13c4fb3b8ac3396b4d03af4/Tasks%20069bb66e37d14486aadec4627bb9c112/Calculate%20daily%20bee%20loss%20based%20on%20gate%20traffic%20sta%202c5cf98592da44baa2f582e42fa2280b.html), Predict overwintering likelihood (Tasks%2067cbebc3a13c4fb3b8ac3396b4d03af4/Tasks%20069bb66e37d14486aadec4627bb9c112/Predict%20overwintering%20likelihood%204fbaf3c802774d75abe4ccd33d254683.html)",,7,20
Analytics with grafana,vertical,Observability of bee colony (../Problems%20we%20are%20solving%2015a899e8bf10455c9ef903c6e269af2c/Problems%20and%20goals%20cd532f09000b4e99a2e2fb8135a707f2/Observability%20of%20bee%20colony%20c7971983f26d4ff19da0ef3390c4871b.html),Idea,4-iot-sensors,analytics,,Telemetry API (Ideas%20and%20Features%20ca76f493a1454e14b7dfbae7bd292a2e/Features%20d633b0f6a0294bf484899eb3c63d77a7/Telemetry%20API%205d60632841534620ba56d1bb296af98b.html),,,,3,backend,"Add grafana UI to influx for public visibility. Tie access control to accounts (Tasks%2067cbebc3a13c4fb3b8ac3396b4d03af4/Tasks%20069bb66e37d14486aadec4627bb9c112/Add%20grafana%20UI%20to%20influx%20for%20public%20visibility%20Tie%20219eb0a739d24f30b6c9d3741d9878cc.html), Setup influx DB under telemetry-api (Tasks%2067cbebc3a13c4fb3b8ac3396b4d03af4/Tasks%20069bb66e37d14486aadec4627bb9c112/Setup%20influx%20DB%20under%20telemetry-api%2077bc00eb46df4a759dc119650253aff7.html)",,13,40
Google-calendar integration,vertical,"Neglect to treat mites, requeen or feed (../Problems%20we%20are%20solving%2015a899e8bf10455c9ef903c6e269af2c/Problems%20and%20goals%20cd532f09000b4e99a2e2fb8135a707f2/Neglect%20to%20treat%20mites,%20requeen%20or%20feed%206e953c567ee74f4c9bdf219e5bb80164.html)",Idea,3-professional,,Hatem Soliman (../Careers%20e50bd8e561c74102ab8e2b96276809c7/Team%205ff38d33b8a2448ca02ffc26aed09278/Team%20db%20a9358923ffb1467387b2fea1216f1e76/Hatem%20Soliman%20cfeb7dea0a4841e796810511a6d12a11.html),"Calendar view (of events, treatments, alerts) (Ideas%20and%20Features%20ca76f493a1454e14b7dfbae7bd292a2e/Features%20d633b0f6a0294bf484899eb3c63d77a7/Calendar%20view%20(of%20events,%20treatments,%20alerts)%2049f6c9ffde1843099136db7333591f26.html)",,,,2,"backend, frontend",,,7,15
User email verification and change,vertical,,Groomed,1-community,,,,,,,2,"backend, frontend",,,5,10
User password change,vertical,,Idea,1-community,,,,,,,2,"backend, frontend",user-cycle - restore password (Tasks%2067cbebc3a13c4fb3b8ac3396b4d03af4/Tasks%20069bb66e37d14486aadec4627bb9c112/user-cycle%20-%20restore%20password%206ea85c76995d489682ac09e51cc597cc.html),,5,10
Inventory management / warehouse view,vertical,Unscalable work (../Problems%20we%20are%20solving%2015a899e8bf10455c9ef903c6e269af2c/Problems%20and%20goals%20cd532f09000b4e99a2e2fb8135a707f2/Unscalable%20work%20edf27023ac904c1d9e8b383924df12c3.html),Idea,3-professional,,,,,,,2,"backend, frontend",,,13,20
Detect pesticide exposure,vertical,Pesticide exposure / poisoning (../Problems%20we%20are%20solving%2015a899e8bf10455c9ef903c6e269af2c/Problems%20and%20goals%20cd532f09000b4e99a2e2fb8135a707f2/Pesticide%20exposure%20poisoning%2048fb3122dddc443c90a9c777585f54cc.html),Idea,4-entrance-counter,,,,,,,2,ML,,,13,30
Robotic frame reordering,vertical,Physical labor (../Problems%20we%20are%20solving%2015a899e8bf10455c9ef903c6e269af2c/Problems%20and%20goals%20cd532f09000b4e99a2e2fb8135a707f2/Physical%20labor%20b8861af7945c4cfea61020521ec26a27.html),Idea,5-robotic-beehive,,,,,,,2,"CAD, IoT, ML, Robotics, backend, frontend",,,13,20
Bee pose + morphometric model,vertical,"Pesticide exposure / poisoning (../Problems%20we%20are%20solving%2015a899e8bf10455c9ef903c6e269af2c/Problems%20and%20goals%20cd532f09000b4e99a2e2fb8135a707f2/Pesticide%20exposure%20poisoning%2048fb3122dddc443c90a9c777585f54cc.html), Diseases (../Problems%20we%20are%20solving%2015a899e8bf10455c9ef903c6e269af2c/Problems%20and%20goals%20cd532f09000b4e99a2e2fb8135a707f2/Diseases%202670014b9e2b461f9021f64f1314b6b0.html)",Idea,3-professional,,,,,,,2,ML,,,13,25
Robot moving hives between fields,,Insufficient pollination (../Problems%20we%20are%20solving%2015a899e8bf10455c9ef903c6e269af2c/Problems%20and%20goals%20cd532f09000b4e99a2e2fb8135a707f2/Insufficient%20pollination%2093d31ab6309443f9bbe0a50f4b560188.html),Idea,6-robotic-apiary,,,,,,,1,,,,13,10
Apiary top-down view of  relative to the sun,vertical,Not weather-resistant hives (../Problems%20we%20are%20solving%2015a899e8bf10455c9ef903c6e269af2c/Problems%20and%20goals%20cd532f09000b4e99a2e2fb8135a707f2/Not%20weather-resistant%20hives%200d0ca3ba83234d639559c94f6a6fbeaa.html),Idea,3-professional,,,,,,,1,"backend, frontend",,,7,10
http://Beep.nl weight telemetry integration,vertical,Time-consuming inspections (../Problems%20we%20are%20solving%2015a899e8bf10455c9ef903c6e269af2c/Problems%20and%20goals%20cd532f09000b4e99a2e2fb8135a707f2/Time-consuming%20inspections%20f9ad947403a14eedaa4393dcf4a9bcca.html),Idea,4-iot-sensors,,,,,,,1,IoT,,,7,5
Solar radiance as weather datasource,vertical,Insufficient pollination (../Problems%20we%20are%20solving%2015a899e8bf10455c9ef903c6e269af2c/Problems%20and%20goals%20cd532f09000b4e99a2e2fb8135a707f2/Insufficient%20pollination%2093d31ab6309443f9bbe0a50f4b560188.html),Idea,2-essential,,,,,,,1,"backend, frontend",,,7,5
keyboard shortcuts support,horizontal,,Idea,1-community,,,,,,,1,frontend,keyboard shortcuts (Tasks%2067cbebc3a13c4fb3b8ac3396b4d03af4/Tasks%20069bb66e37d14486aadec4627bb9c112/keyboard%20shortcuts%2084c37d3cc03b452cac2ac94fc140ea72.html),,7,10
Bee specialization classification,vertical,Observability of bee colony (../Problems%20we%20are%20solving%2015a899e8bf10455c9ef903c6e269af2c/Problems%20and%20goals%20cd532f09000b4e99a2e2fb8135a707f2/Observability%20of%20bee%20colony%20c7971983f26d4ff19da0ef3390c4871b.html),Idea,5-robotic-beehive,,,,,,,1,ML,,,7,10
Bee age classification,vertical,Observability of bee colony (../Problems%20we%20are%20solving%2015a899e8bf10455c9ef903c6e269af2c/Problems%20and%20goals%20cd532f09000b4e99a2e2fb8135a707f2/Observability%20of%20bee%20colony%20c7971983f26d4ff19da0ef3390c4871b.html),Idea,3-professional,,,,,,,1,ML,,,13,15
Bee counter (from custom video stream),vertical,Observability of bee colony (../Problems%20we%20are%20solving%2015a899e8bf10455c9ef903c6e269af2c/Problems%20and%20goals%20cd532f09000b4e99a2e2fb8135a707f2/Observability%20of%20bee%20colony%20c7971983f26d4ff19da0ef3390c4871b.html),Idea,4-entrance-counter,apiary/hive,,,,,,1,"ML, backend",,,13,15
Client-side app with UI,,,Idea,4-entrance-counter,,,,,,,0,"Robotics, backend, frontend",,,,
Connecting sensors to web-app UX,,,Idea,4-iot-sensors,,,,,,,0,,,,,
Connecting robot to web-app UX,,,Idea,5-robotic-beehive,,,,,,,0,,,,,
Map view,,Distant locations (../Problems%20we%20are%20solving%2015a899e8bf10455c9ef903c6e269af2c/Problems%20and%20goals%20cd532f09000b4e99a2e2fb8135a707f2/Distant%20locations%202a2e75c03b294fc9949eed71f94bfe7d.html),Idea,3-professional,,,,,,,0,frontend,,,,
Varroa infestation management,,,Idea,2-essential,,,,,,,0,,,,,
Hive ownership transfer,,,Idea,3-professional,,,,,,,0,,,,,
Measure PM2 pollution,,,Idea,4-iot-sensors,,,,,,,0,,,,,
Measure atmospheric pressure,,,Idea,4-iot-sensors,,,,,,,0,,,,,
Wind speed measurement (Anemometer),,,Idea,4-iot-sensors,,,,,,,0,,,,,
Webhooks integration,,Unscalable work (../Problems%20we%20are%20solving%2015a899e8bf10455c9ef903c6e269af2c/Problems%20and%20goals%20cd532f09000b4e99a2e2fb8135a707f2/Unscalable%20work%20edf27023ac904c1d9e8b383924df12c3.html),Idea,3-professional,,,,,,,0,,,,,
Guard detection,,,Idea,4-entrance-counter,,,,,,,0,ML,,,,
Talk to bee colony with AI (with RAG),,"Lack of knowledge / experience (../Problems%20we%20are%20solving%2015a899e8bf10455c9ef903c6e269af2c/Problems%20and%20goals%20cd532f09000b4e99a2e2fb8135a707f2/Lack%20of%20knowledge%20experience%2076651a1939d34d268d71974da0b048e9.html), Challenging to become a new beekeeper (../Problems%20we%20are%20solving%2015a899e8bf10455c9ef903c6e269af2c/Problems%20and%20goals%20cd532f09000b4e99a2e2fb8135a707f2/Challenging%20to%20become%20a%20new%20beekeeper%20bdf59f6539da4005a394efac02c9c949.html)",Idea,3-professional,,,,,,,0,"ML, backend",,,,
Client-side app with UI (manual override mode),,,Idea,5-robotic-beehive,,,,,,,0,"CAD, IoT, Robotics, backend, frontend",,,,
Tampering detection,,"Bears destroying hives & colonies (../Problems%20we%20are%20solving%2015a899e8bf10455c9ef903c6e269af2c/Problems%20and%20goals%20cd532f09000b4e99a2e2fb8135a707f2/Bears%20destroying%20hives%20&%20colonies%20e9fc183efac34070a5c750e07d3ae67b.html), Not weather-resistant hives (../Problems%20we%20are%20solving%2015a899e8bf10455c9ef903c6e269af2c/Problems%20and%20goals%20cd532f09000b4e99a2e2fb8135a707f2/Not%20weather-resistant%20hives%200d0ca3ba83234d639559c94f6a6fbeaa.html)",Idea,4-iot-sensors,,,,,,,0,"CAD, IoT, backend",,,,
CO2 monitoring,,,Idea,4-iot-sensors,,,,,,,0,IoT,,,,
Flower blooming map,,Insufficient pollination (../Problems%20we%20are%20solving%2015a899e8bf10455c9ef903c6e269af2c/Problems%20and%20goals%20cd532f09000b4e99a2e2fb8135a707f2/Insufficient%20pollination%2093d31ab6309443f9bbe0a50f4b560188.html),Idea,2-essential,,,Apiary satellite view (Ideas%20and%20Features%20ca76f493a1454e14b7dfbae7bd292a2e/Features%20d633b0f6a0294bf484899eb3c63d77a7/Apiary%20satellite%20view%207f56f6a0a6d740769c4fda66f1054e34.html),,,,0,"backend, frontend",,,,
Varroa mite detection with infra-red camera,,Infestation of Varroa mite (../Problems%20we%20are%20solving%2015a899e8bf10455c9ef903c6e269af2c/Problems%20and%20goals%20cd532f09000b4e99a2e2fb8135a707f2/Infestation%20of%20Varroa%20mite%203a67aa627e0f438592cc7fb34e81d866.html),Idea,6-robotic-apiary,,,,,,,0,ML,,,,
Audio-interface (to talk with bees),,Ugly beehives (../Problems%20we%20are%20solving%2015a899e8bf10455c9ef903c6e269af2c/Problems%20and%20goals%20cd532f09000b4e99a2e2fb8135a707f2/Ugly%20beehives%2049a604ea99fa429691b0e23dccc1f172.html),Idea,5-robotic-beehive,,,,,,,0,"IoT, backend",,,,
Humidity monitoring,,"Overwintering collapse (../Problems%20we%20are%20solving%2015a899e8bf10455c9ef903c6e269af2c/Problems%20and%20goals%20cd532f09000b4e99a2e2fb8135a707f2/Overwintering%20collapse%202ad3d296fc3a4d8aaaed3a04ccf262b2.html), Not weather-resistant hives (../Problems%20we%20are%20solving%2015a899e8bf10455c9ef903c6e269af2c/Problems%20and%20goals%20cd532f09000b4e99a2e2fb8135a707f2/Not%20weather-resistant%20hives%200d0ca3ba83234d639559c94f6a6fbeaa.html), Poor hive ventilation (../Problems%20we%20are%20solving%2015a899e8bf10455c9ef903c6e269af2c/Problems%20and%20goals%20cd532f09000b4e99a2e2fb8135a707f2/Poor%20hive%20ventilation%2053a6ab90e5344fdfa3d4cbecbe3e8ec6.html)",Idea,4-iot-sensors,,Aleksei Zaitsev (../Careers%20e50bd8e561c74102ab8e2b96276809c7/Team%205ff38d33b8a2448ca02ffc26aed09278/Team%20db%20a9358923ffb1467387b2fea1216f1e76/Aleksei%20Zaitsev%2053891b650b404749a654931e89060d89.html),,,,,0,"IoT, backend",,,,
Weight monitoring,,Observability of bee colony (../Problems%20we%20are%20solving%2015a899e8bf10455c9ef903c6e269af2c/Problems%20and%20goals%20cd532f09000b4e99a2e2fb8135a707f2/Observability%20of%20bee%20colony%20c7971983f26d4ff19da0ef3390c4871b.html),Idea,4-iot-sensors,,,,,,,0,"IoT, backend, frontend",,,,
6-channel audio monitoring,,"Swarming (../Problems%20we%20are%20solving%2015a899e8bf10455c9ef903c6e269af2c/Problems%20and%20goals%20cd532f09000b4e99a2e2fb8135a707f2/Swarming%2013184fe7583e452dbbc8c4e57333ef97.html), Robbing state (../Problems%20we%20are%20solving%2015a899e8bf10455c9ef903c6e269af2c/Problems%20and%20goals%20cd532f09000b4e99a2e2fb8135a707f2/Robbing%20state%205a23dcce211048be8e102d863f052dfe.html)",Idea,5-robotic-beehive,,,,,,,0,IoT,,,,
Connectivity over LoRa,vertical,Distant locations (../Problems%20we%20are%20solving%2015a899e8bf10455c9ef903c6e269af2c/Problems%20and%20goals%20cd532f09000b4e99a2e2fb8135a707f2/Distant%20locations%202a2e75c03b294fc9949eed71f94bfe7d.html),Idea,4-iot-sensors,,,,,,,0,IoT,,,,
Ventilation control,vertical,"Overwintering collapse (../Problems%20we%20are%20solving%2015a899e8bf10455c9ef903c6e269af2c/Problems%20and%20goals%20cd532f09000b4e99a2e2fb8135a707f2/Overwintering%20collapse%202ad3d296fc3a4d8aaaed3a04ccf262b2.html), Poor hive ventilation (../Problems%20we%20are%20solving%2015a899e8bf10455c9ef903c6e269af2c/Problems%20and%20goals%20cd532f09000b4e99a2e2fb8135a707f2/Poor%20hive%20ventilation%2053a6ab90e5344fdfa3d4cbecbe3e8ec6.html)",Idea,5-robotic-beehive,,,,,,,0,"CAD, IoT",,,,
Hive heating,vertical,"Infestation of Varroa mite (../Problems%20we%20are%20solving%2015a899e8bf10455c9ef903c6e269af2c/Problems%20and%20goals%20cd532f09000b4e99a2e2fb8135a707f2/Infestation%20of%20Varroa%20mite%203a67aa627e0f438592cc7fb34e81d866.html), Overwintering collapse (../Problems%20we%20are%20solving%2015a899e8bf10455c9ef903c6e269af2c/Problems%20and%20goals%20cd532f09000b4e99a2e2fb8135a707f2/Overwintering%20collapse%202ad3d296fc3a4d8aaaed3a04ccf262b2.html)",Idea,5-robotic-beehive,,Aleksei Zaitsev (../Careers%20e50bd8e561c74102ab8e2b96276809c7/Team%205ff38d33b8a2448ca02ffc26aed09278/Team%20db%20a9358923ffb1467387b2fea1216f1e76/Aleksei%20Zaitsev%2053891b650b404749a654931e89060d89.html),,,,,0,"CAD, IoT, backend",,,,
Nursing video analysis,vertical,Observability of bee colony (../Problems%20we%20are%20solving%2015a899e8bf10455c9ef903c6e269af2c/Problems%20and%20goals%20cd532f09000b4e99a2e2fb8135a707f2/Observability%20of%20bee%20colony%20c7971983f26d4ff19da0ef3390c4871b.html),Idea,5-robotic-beehive,,,,,,,0,"ML, backend, frontend",,,,
Automatic acid treatment against varroa,vertical,Infestation of Varroa mite (../Problems%20we%20are%20solving%2015a899e8bf10455c9ef903c6e269af2c/Problems%20and%20goals%20cd532f09000b4e99a2e2fb8135a707f2/Infestation%20of%20Varroa%20mite%203a67aa627e0f438592cc7fb34e81d866.html),Idea,5-robotic-beehive,,,,,,,0,"CAD, IoT, backend, frontend",,,,
Remote desktop,vertical,,Groomed,4-entrance-counter,,,,,,,0,"IoT, backend",,,,
Automatic sugar syrup feeder,vertical,Colony starvation (../Problems%20we%20are%20solving%2015a899e8bf10455c9ef903c6e269af2c/Problems%20and%20goals%20cd532f09000b4e99a2e2fb8135a707f2/Colony%20starvation%209925e34207b94b7e9da10e0dcfdf6e47.html),Idea,5-robotic-beehive,,,,,,,0,"CAD, IoT, backend, frontend",,,,
Cross-family frame movement resource balancing,vertical,Colony starvation (../Problems%20we%20are%20solving%2015a899e8bf10455c9ef903c6e269af2c/Problems%20and%20goals%20cd532f09000b4e99a2e2fb8135a707f2/Colony%20starvation%209925e34207b94b7e9da10e0dcfdf6e47.html),Idea,6-robotic-apiary,,,,,,,0,"IoT, Robotics, backend, frontend",,,,
Full hive inspection,vertical,"Physical labor (../Problems%20we%20are%20solving%2015a899e8bf10455c9ef903c6e269af2c/Problems%20and%20goals%20cd532f09000b4e99a2e2fb8135a707f2/Physical%20labor%20b8861af7945c4cfea61020521ec26a27.html), Unscalable work (../Problems%20we%20are%20solving%2015a899e8bf10455c9ef903c6e269af2c/Problems%20and%20goals%20cd532f09000b4e99a2e2fb8135a707f2/Unscalable%20work%20edf27023ac904c1d9e8b383924df12c3.html), Time-consuming inspections (../Problems%20we%20are%20solving%2015a899e8bf10455c9ef903c6e269af2c/Problems%20and%20goals%20cd532f09000b4e99a2e2fb8135a707f2/Time-consuming%20inspections%20f9ad947403a14eedaa4393dcf4a9bcca.html)",Idea,5-robotic-beehive,,,Real-time frame scanning (Ideas%20and%20Features%20ca76f493a1454e14b7dfbae7bd292a2e/Features%20d633b0f6a0294bf484899eb3c63d77a7/Real-time%20frame%20scanning%2036c9c9fc593a433baaba8b85b7c5c426.html),,,,0,"CAD, IoT, ML, Robotics, backend, frontend",Redesign @Untitled with more CAD details - @Untitled  (Tasks%2067cbebc3a13c4fb3b8ac3396b4d03af4/Tasks%20069bb66e37d14486aadec4627bb9c112/Redesign%20@Untitled%20with%20more%20CAD%20details%20-%20@Untitl%20f140f61a2e424bb9888c619eddc55c7c.html),,,
Energy autonomy (battery + solar cells + wind),vertical,Distant locations (../Problems%20we%20are%20solving%2015a899e8bf10455c9ef903c6e269af2c/Problems%20and%20goals%20cd532f09000b4e99a2e2fb8135a707f2/Distant%20locations%202a2e75c03b294fc9949eed71f94bfe7d.html),Idea,5-robotic-beehive,,,,,,,0,IoT,,,,
Detect queen mating from entrance video,vertical,Colony without a queen (../Problems%20we%20are%20solving%2015a899e8bf10455c9ef903c6e269af2c/Problems%20and%20goals%20cd532f09000b4e99a2e2fb8135a707f2/Colony%20without%20a%20queen%201bfd4efcafef44fe9383b60796c1ea3f.html),Idea,4-entrance-counter,,,,,,,0,ML,,,,
Detect swarming from entrance video,vertical,Swarming (../Problems%20we%20are%20solving%2015a899e8bf10455c9ef903c6e269af2c/Problems%20and%20goals%20cd532f09000b4e99a2e2fb8135a707f2/Swarming%2013184fe7583e452dbbc8c4e57333ef97.html),Idea,4-entrance-counter,,,,,,,0,ML,,,,
Robotic insertion of new frames,vertical,Physical labor (../Problems%20we%20are%20solving%2015a899e8bf10455c9ef903c6e269af2c/Problems%20and%20goals%20cd532f09000b4e99a2e2fb8135a707f2/Physical%20labor%20b8861af7945c4cfea61020521ec26a27.html),Idea,5-robotic-beehive,,,,,,,0,"CAD, IoT, ML, Robotics, backend, frontend",,,,
Robotic frame isolation & extraction,vertical,"Unscalable work (../Problems%20we%20are%20solving%2015a899e8bf10455c9ef903c6e269af2c/Problems%20and%20goals%20cd532f09000b4e99a2e2fb8135a707f2/Unscalable%20work%20edf27023ac904c1d9e8b383924df12c3.html), Physical labor (../Problems%20we%20are%20solving%2015a899e8bf10455c9ef903c6e269af2c/Problems%20and%20goals%20cd532f09000b4e99a2e2fb8135a707f2/Physical%20labor%20b8861af7945c4cfea61020521ec26a27.html)",Idea,5-robotic-beehive,,,,,,,0,"CAD, IoT, ML, Robotics, backend, frontend",,,40,7
User account deletion,vertical,,Done,1-community,,,,,,,0,"backend, frontend",,,,
Frame analysis - bee counter,vertical,Observability of bee colony (../Problems%20we%20are%20solving%2015a899e8bf10455c9ef903c6e269af2c/Problems%20and%20goals%20cd532f09000b4e99a2e2fb8135a707f2/Observability%20of%20bee%20colony%20c7971983f26d4ff19da0ef3390c4871b.html),Done,1-community,,,,,,,0,"ML, backend, frontend",,,,
Smart home integration over zigbee,vertical,Physical labor (../Problems%20we%20are%20solving%2015a899e8bf10455c9ef903c6e269af2c/Problems%20and%20goals%20cd532f09000b4e99a2e2fb8135a707f2/Physical%20labor%20b8861af7945c4cfea61020521ec26a27.html),Idea,4-iot-sensors,,,,,,,0,"IoT, backend",research smart home / tuya integration (Tasks%2067cbebc3a13c4fb3b8ac3396b4d03af4/Tasks%20069bb66e37d14486aadec4627bb9c112/research%20smart%20home%20tuya%20integration%2052b9e9989e1e45fa8a69c99c18a6288c.html),,13,5
Apiary satellite view,vertical,Insufficient pollination (../Problems%20we%20are%20solving%2015a899e8bf10455c9ef903c6e269af2c/Problems%20and%20goals%20cd532f09000b4e99a2e2fb8135a707f2/Insufficient%20pollination%2093d31ab6309443f9bbe0a50f4b560188.html),Done,2-essential,apiary,,,Flower blooming map (Ideas%20and%20Features%20ca76f493a1454e14b7dfbae7bd292a2e/Features%20d633b0f6a0294bf484899eb3c63d77a7/Flower%20blooming%20map%20cedb307f96674c07ad7e0c6ac139a8cf.html),,,0,"backend, frontend",,,,
Beekeeping advice with LLM,vertical,"Neglect to treat mites, requeen or feed (../Problems%20we%20are%20solving%2015a899e8bf10455c9ef903c6e269af2c/Problems%20and%20goals%20cd532f09000b4e99a2e2fb8135a707f2/Neglect%20to%20treat%20mites,%20requeen%20or%20feed%206e953c567ee74f4c9bdf219e5bb80164.html), Lack of knowledge / experience (../Problems%20we%20are%20solving%2015a899e8bf10455c9ef903c6e269af2c/Problems%20and%20goals%20cd532f09000b4e99a2e2fb8135a707f2/Lack%20of%20knowledge%20experience%2076651a1939d34d268d71974da0b048e9.html)",Done,2-essential,apiary/hive,,,,,,0,"backend, frontend",,,,
progressive web app,horizontal,,Done,1-community,pwa,,,,,,0,frontend,,,,
user language + translations,horizontal,,Done,1-community,translations,,,,,,0,"backend, frontend",,,,
list of local plants (plantnet),vertical,Monoculture agriculture (../Problems%20we%20are%20solving%2015a899e8bf10455c9ef903c6e269af2c/Problems%20and%20goals%20cd532f09000b4e99a2e2fb8135a707f2/Monoculture%20agriculture%20361e470fd22a4b61b50fba3d486fb8bb.html),Done,1-community,apiary,,,,,,0,"backend, frontend",,,,
weather graph,vertical,Not weather-resistant hives (../Problems%20we%20are%20solving%2015a899e8bf10455c9ef903c6e269af2c/Problems%20and%20goals%20cd532f09000b4e99a2e2fb8135a707f2/Not%20weather-resistant%20hives%200d0ca3ba83234d639559c94f6a6fbeaa.html),Done,1-community,apiary,,,,,,0,"backend, frontend",,,,
Drawing on canvas,vertical,Observability of bee colony (../Problems%20we%20are%20solving%2015a899e8bf10455c9ef903c6e269af2c/Problems%20and%20goals%20cd532f09000b4e99a2e2fb8135a707f2/Observability%20of%20bee%20colony%20c7971983f26d4ff19da0ef3390c4871b.html),Done,2-essential,apiary/hive/box/frame/frame-side,,,,,,0,frontend,,,,
Frame side management,vertical,Observability of bee colony (../Problems%20we%20are%20solving%2015a899e8bf10455c9ef903c6e269af2c/Problems%20and%20goals%20cd532f09000b4e99a2e2fb8135a707f2/Observability%20of%20bee%20colony%20c7971983f26d4ff19da0ef3390c4871b.html),Done,1-community,apiary/hive/box/frame/frame-side,,,,,,0,"backend, frontend","frame edit view - add ""clear cells"" button + drawing mode to remove some incorrectly detected frame cells (Tasks%2067cbebc3a13c4fb3b8ac3396b4d03af4/Tasks%20069bb66e37d14486aadec4627bb9c112/frame%20edit%20view%20-%20add%20clear%20cells%20button%20+%20drawing%2045e26838d2aa497d8dd26e64a9d114fa.html), on phones, in frame image view, add zoom-in with pinch gesture (Tasks%2067cbebc3a13c4fb3b8ac3396b4d03af4/Tasks%20069bb66e37d14486aadec4627bb9c112/on%20phones,%20in%20frame%20image%20view,%20add%20zoom-in%20with%20p%20e93553dfb29045f382e07d3f9f29db93.html), fix drawing on a frame -> clicking clear -> draw again (Tasks%2067cbebc3a13c4fb3b8ac3396b4d03af4/Tasks%20069bb66e37d14486aadec4627bb9c112/fix%20drawing%20on%20a%20frame%20-%20clicking%20clear%20-%20draw%20aga%2039a0ec3e79504d4da286324c08158ddc.html), Add panning while zoomed, disable drawing when in this mode (Tasks%2067cbebc3a13c4fb3b8ac3396b4d03af4/Tasks%20069bb66e37d14486aadec4627bb9c112/Add%20panning%20while%20zoomed,%20disable%20drawing%20when%20in%20%20736eeebdefc5461ca8c7f282f83c7d69.html), Change section frame types in bulk (foundation → comb) (Tasks%2067cbebc3a13c4fb3b8ac3396b4d03af4/Tasks%20069bb66e37d14486aadec4627bb9c112/Change%20section%20frame%20types%20in%20bulk%20(foundation%20%E2%86%92%20c%20efee91b55b3c4027a67c30c973595ab8.html), Frame side photo image cropping (Tasks%2067cbebc3a13c4fb3b8ac3396b4d03af4/Tasks%20069bb66e37d14486aadec4627bb9c112/Frame%20side%20photo%20image%20cropping%20afd296e03d564e0d8dd17d4c89ab53ac.html)",,,
Frame side queen cup detection,vertical,Swarming (../Problems%20we%20are%20solving%2015a899e8bf10455c9ef903c6e269af2c/Problems%20and%20goals%20cd532f09000b4e99a2e2fb8135a707f2/Swarming%2013184fe7583e452dbbc8c4e57333ef97.html),Done,1-community,apiary/hive/box/frame/frame-side/file/queen-cups,,,,,,0,ML,detect different types of queen cups (Tasks%2067cbebc3a13c4fb3b8ac3396b4d03af4/Tasks%20069bb66e37d14486aadec4627bb9c112/detect%20different%20types%20of%20queen%20cups%200e7b7c49fef948789c780860439b4561.html),,,
Honeycomb cell detection,vertical,Colony starvation (../Problems%20we%20are%20solving%2015a899e8bf10455c9ef903c6e269af2c/Problems%20and%20goals%20cd532f09000b4e99a2e2fb8135a707f2/Colony%20starvation%209925e34207b94b7e9da10e0dcfdf6e47.html),Done,1-community,apiary/hive/box/frame/frame-side/file/cells,,,,,,0,"ML, backend, frontend",Update beehive section frame cell type ratios on update (Tasks%2067cbebc3a13c4fb3b8ac3396b4d03af4/Tasks%20069bb66e37d14486aadec4627bb9c112/Update%20beehive%20section%20frame%20cell%20type%20ratios%20on%20u%206a19e259be6c464c849b03790709fe40.html),,,
Worker bee detection,vertical,Observability of bee colony (../Problems%20we%20are%20solving%2015a899e8bf10455c9ef903c6e269af2c/Problems%20and%20goals%20cd532f09000b4e99a2e2fb8135a707f2/Observability%20of%20bee%20colony%20c7971983f26d4ff19da0ef3390c4871b.html),In development,1-community,apiary/hive/box/frame/frame-side/file/bees,Fam A. Shihata (../Careers%20e50bd8e561c74102ab8e2b96276809c7/Team%205ff38d33b8a2448ca02ffc26aed09278/Team%20db%20a9358923ffb1467387b2fea1216f1e76/Fam%20A%20Shihata%203f975106e9b4417dafba997e8c0f2422.html),,,,,0,"ML, backend, frontend",,,,
Frame side photo upload,vertical,Observability of bee colony (../Problems%20we%20are%20solving%2015a899e8bf10455c9ef903c6e269af2c/Problems%20and%20goals%20cd532f09000b4e99a2e2fb8135a707f2/Observability%20of%20bee%20colony%20c7971983f26d4ff19da0ef3390c4871b.html),Done,1-community,apiary/hive/box/frame/frame-side/file,,,,,,0,backend,"frame upload - allow pasting images via clipboard API (Tasks%2067cbebc3a13c4fb3b8ac3396b4d03af4/Tasks%20069bb66e37d14486aadec4627bb9c112/frame%20upload%20-%20allow%20pasting%20images%20via%20clipboard%20%20db58e11f8ee841839b59895ff9e78adc.html), file upload - progress bar (Tasks%2067cbebc3a13c4fb3b8ac3396b4d03af4/Tasks%20069bb66e37d14486aadec4627bb9c112/file%20upload%20-%20progress%20bar%20a2df82b1760c46c78435888126d54f29.html), 
bulk file upload view (as new inspection) (Tasks%2067cbebc3a13c4fb3b8ac3396b4d03af4/Tasks%20069bb66e37d14486aadec4627bb9c112/bulk%20file%20upload%20view%20(as%20new%20inspection)%20fe0099e4d5724c3c858bdf1897bbbc52.html), add google drive photo download integration (Tasks%2067cbebc3a13c4fb3b8ac3396b4d03af4/Tasks%20069bb66e37d14486aadec4627bb9c112/add%20google%20drive%20photo%20download%20integration%200671f76f427246458061bf0832740584.html)",,,
Hive section management,vertical,Observability of bee colony (../Problems%20we%20are%20solving%2015a899e8bf10455c9ef903c6e269af2c/Problems%20and%20goals%20cd532f09000b4e99a2e2fb8135a707f2/Observability%20of%20bee%20colony%20c7971983f26d4ff19da0ef3390c4871b.html),Done,1-community,apiary/hive/box,,,,,,0,"backend, frontend","Add classic roof top (Tasks%2067cbebc3a13c4fb3b8ac3396b4d03af4/Tasks%20069bb66e37d14486aadec4627bb9c112/Add%20classic%20roof%20top%20756624ee1e644772ab5ccf3498b29a95.html), add bottom type of box (Tasks%2067cbebc3a13c4fb3b8ac3396b4d03af4/Tasks%20069bb66e37d14486aadec4627bb9c112/add%20bottom%20type%20of%20box%20b1211631d2584e9cafe88d03d139480c.html), add queen excluder type of box (Tasks%2067cbebc3a13c4fb3b8ac3396b4d03af4/Tasks%20069bb66e37d14486aadec4627bb9c112/add%20queen%20excluder%20type%20of%20box%20f1829b2680614ea69dd870bbf2a0ea15.html), Add box size selection (Tasks%2067cbebc3a13c4fb3b8ac3396b4d03af4/Tasks%20069bb66e37d14486aadec4627bb9c112/Add%20box%20size%20selection%207177a28563b3494fb07a528880a23eee.html), Add ventilation type of a box (Tasks%2067cbebc3a13c4fb3b8ac3396b4d03af4/Tasks%20069bb66e37d14486aadec4627bb9c112/Add%20ventilation%20type%20of%20a%20box%20949d7ae4ec2145afb851719e59f24329.html), Mark box as having a candy feeding (Tasks%2067cbebc3a13c4fb3b8ac3396b4d03af4/Tasks%20069bb66e37d14486aadec4627bb9c112/Mark%20box%20as%20having%20a%20candy%20feeding%2001259720c2dc48f4977486163b01a6ab.html), Section with size choice (Farrar, Dadant etc.) (Tasks%2067cbebc3a13c4fb3b8ac3396b4d03af4/Tasks%20069bb66e37d14486aadec4627bb9c112/Section%20with%20size%20choice%20(Farrar,%20Dadant%20etc%20)%20949dc027882644b180d547a2d575a6b9.html)",,,
Billing subscription,vertical,,Done,1-community,user,,,,,,0,backend,"Ability to cancel billing subscription (Tasks%2067cbebc3a13c4fb3b8ac3396b4d03af4/Tasks%20069bb66e37d14486aadec4627bb9c112/Ability%20to%20cancel%20billing%20subscription%200087e5c47b944cbeb94845c7232b50f1.html), Downgrade billing plan after 2 weeks of trial expiration (Tasks%2067cbebc3a13c4fb3b8ac3396b4d03af4/Tasks%20069bb66e37d14486aadec4627bb9c112/Downgrade%20billing%20plan%20after%202%20weeks%20of%20trial%20expi%2026b2f1583f1745d29650161000e06f44.html), Enforce functional limitations that depend on billing tier (Tasks%2067cbebc3a13c4fb3b8ac3396b4d03af4/Tasks%20069bb66e37d14486aadec4627bb9c112/Enforce%20functional%20limitations%20that%20depend%20on%20bill%207b5e4e29ccc94c769d528ad9dc2b0226.html)",,,
API token management,vertical,,Done,1-community,user,,,,,,0,"backend, frontend",Add API token removal (Tasks%2067cbebc3a13c4fb3b8ac3396b4d03af4/Tasks%20069bb66e37d14486aadec4627bb9c112/Add%20API%20token%20removal%20f12f4a8f60f64dea8812f78d46e0732a.html),,,
User editing,vertical,,Done,1-community,user,,,,,,0,"backend, frontend",,,,
User login,vertical,,Done,1-community,user,,,,,,0,"backend, frontend","user-cycle - Login with google (Tasks%2067cbebc3a13c4fb3b8ac3396b4d03af4/Tasks%20069bb66e37d14486aadec4627bb9c112/user-cycle%20-%20Login%20with%20google%209b8ec50402e84c8a9960031fafd46552.html), user-cycle - autologin if user session exists (Tasks%2067cbebc3a13c4fb3b8ac3396b4d03af4/Tasks%20069bb66e37d14486aadec4627bb9c112/user-cycle%20-%20autologin%20if%20user%20session%20exists%2031ccd0f9f2444e77898639967aed31df.html)",https://youtu.be/Txspe3O5gaQ,,
User registration + password restoration,vertical,,Done,1-community,user,,,,,,0,"backend, frontend","Add ""forgot password"" and restoration flow (Tasks%2067cbebc3a13c4fb3b8ac3396b4d03af4/Tasks%20069bb66e37d14486aadec4627bb9c112/Add%20forgot%20password%20and%20restoration%20flow%2020bf576c0c0642fa9606f1a1ece22ca1.html)",,,
Apiary management,vertical,Observability of bee colony (../Problems%20we%20are%20solving%2015a899e8bf10455c9ef903c6e269af2c/Problems%20and%20goals%20cd532f09000b4e99a2e2fb8135a707f2/Observability%20of%20bee%20colony%20c7971983f26d4ff19da0ef3390c4871b.html),Done,1-community,apiary,,,,,,0,"backend, frontend","Integrate Estonian apiaries public data in apiary view (Tasks%2067cbebc3a13c4fb3b8ac3396b4d03af4/Tasks%20069bb66e37d14486aadec4627bb9c112/Integrate%20Estonian%20apiaries%20public%20data%20in%20apiary%20%202b4cc4f2cc2345e9b2c4288d7efbf8ad.html), Manually enter, which plants grow around the apiary in terms of area (ha), percentage (%). Tie it to graph of blooming time (Tasks%2067cbebc3a13c4fb3b8ac3396b4d03af4/Tasks%20069bb66e37d14486aadec4627bb9c112/Manually%20enter,%20which%20plants%20grow%20around%20the%20apiar%20412a6f5298ad4f2a96d87b5fa494cd05.html)",,,
Hive management,vertical,Observability of bee colony (../Problems%20we%20are%20solving%2015a899e8bf10455c9ef903c6e269af2c/Problems%20and%20goals%20cd532f09000b4e99a2e2fb8135a707f2/Observability%20of%20bee%20colony%20c7971983f26d4ff19da0ef3390c4871b.html),Done,1-community,apiary/hive,,,,,,0,"backend, frontend","In apiary view, show table list of hives with hive status (Tasks%2067cbebc3a13c4fb3b8ac3396b4d03af4/Tasks%20069bb66e37d14486aadec4627bb9c112/In%20apiary%20view,%20show%20table%20list%20of%20hives%20with%20hive%201a8c32639f1f49ac91c4778d1083ade9.html), render hive in 3d (Tasks%2067cbebc3a13c4fb3b8ac3396b4d03af4/Tasks%20069bb66e37d14486aadec4627bb9c112/render%20hive%20in%203d%2002f43f9ae745486db08a9a7f7eb56cd3.html), add horizontal feed box (Tasks%2067cbebc3a13c4fb3b8ac3396b4d03af4/Tasks%20069bb66e37d14486aadec4627bb9c112/add%20horizontal%20feed%20box%20629ee34a9e8e49bca14325612a8f3e37.html), move frames between boxes (Tasks%2067cbebc3a13c4fb3b8ac3396b4d03af4/Tasks%20069bb66e37d14486aadec4627bb9c112/move%20frames%20between%20boxes%201bab04b659f54494b0fce17737ea33e8.html), Hive numbering (manual / automated) (Tasks%2067cbebc3a13c4fb3b8ac3396b4d03af4/Tasks%20069bb66e37d14486aadec4627bb9c112/Hive%20numbering%20(manual%20automated)%206826bfdfaef0449eb7cf277804a871f6.html), reset frame numbers to be user-specific (Tasks%2067cbebc3a13c4fb3b8ac3396b4d03af4/Tasks%20069bb66e37d14486aadec4627bb9c112/reset%20frame%20numbers%20to%20be%20user-specific%20f0aec6ca623a4db0b5a61849dac1104d.html), Add ability to create a nucleus (5 frames) (Tasks%2067cbebc3a13c4fb3b8ac3396b4d03af4/Tasks%20069bb66e37d14486aadec4627bb9c112/Add%20ability%20to%20create%20a%20nucleus%20(5%20frames)%204daeb09400fc40dc9999a2a4e7819d62.html), Fix hive section buttons in mobile layout (Tasks%2067cbebc3a13c4fb3b8ac3396b4d03af4/Tasks%20069bb66e37d14486aadec4627bb9c112/Fix%20hive%20section%20buttons%20in%20mobile%20layout%20ff40938580884607bc2f22b6d48fb092.html), Add ability to change frame type  (Tasks%2067cbebc3a13c4fb3b8ac3396b4d03af4/Tasks%20069bb66e37d14486aadec4627bb9c112/Add%20ability%20to%20change%20frame%20type%2092d304eb462e40e5a97eacc54ec4eac8.html), Fix hive note editing having a flickering experience (Tasks%2067cbebc3a13c4fb3b8ac3396b4d03af4/Tasks%20069bb66e37d14486aadec4627bb9c112/Fix%20hive%20note%20editing%20having%20a%20flickering%20experien%207604c4049d294f80b70cce1131d0c7a6.html), Mark colony as dead & generate yearly mortality report (Tasks%2067cbebc3a13c4fb3b8ac3396b4d03af4/Tasks%20069bb66e37d14486aadec4627bb9c112/Mark%20colony%20as%20dead%20&%20generate%20yearly%20mortality%20re%209a8f68b83974490b8dcf3861c6badad6.html), Add colony last treatment time (in hive table view) (Tasks%2067cbebc3a13c4fb3b8ac3396b4d03af4/Tasks%20069bb66e37d14486aadec4627bb9c112/Add%20colony%20last%20treatment%20time%20(in%20hive%20table%20view%204c9b7fd41ec147c7ae52f83175e2f463.html), Add colony last feeding time (in hive table view) (Tasks%2067cbebc3a13c4fb3b8ac3396b4d03af4/Tasks%20069bb66e37d14486aadec4627bb9c112/Add%20colony%20last%20feeding%20time%20(in%20hive%20table%20view)%2005edf5dcc9ef416ba7f93e23342887b8.html)",,,