Level,Company Values,Tags,Name
Junior (Levels%2038a094b7550d4c1cb7b5cdf494bc6b0f/Staff%20levels%20a09c5732ed894c10b92492cb8dc8f5c1/Junior%20975c3d21c75e4349968e93effb7f5f07.html),Humbly kind (Company%20roles%20d961012e6fc04f329b876179617803d8/Culture%20and%20values%20be3138c1cf0a4ebe8628f14448654682/Company%20Values%20c65e8769a562453b88b3131ca818103f/Humbly%20kind%2027a696347d664de28b9f1504c79a16b7.html),Communication,Clearly articulates questions in both verbal and written forms
Junior (Levels%2038a094b7550d4c1cb7b5cdf494bc6b0f/Staff%20levels%20a09c5732ed894c10b92492cb8dc8f5c1/Junior%20975c3d21c75e4349968e93effb7f5f07.html),Humbly kind (Company%20roles%20d961012e6fc04f329b876179617803d8/Culture%20and%20values%20be3138c1cf0a4ebe8628f14448654682/Company%20Values%20c65e8769a562453b88b3131ca818103f/Humbly%20kind%2027a696347d664de28b9f1504c79a16b7.html),Communication,"Shares information about their own and their team's progress—successes, difficulties, failures, and delays when asked"
Junior (Levels%2038a094b7550d4c1cb7b5cdf494bc6b0f/Staff%20levels%20a09c5732ed894c10b92492cb8dc8f5c1/Junior%20975c3d21c75e4349968e93effb7f5f07.html),Humbly kind (Company%20roles%20d961012e6fc04f329b876179617803d8/Culture%20and%20values%20be3138c1cf0a4ebe8628f14448654682/Company%20Values%20c65e8769a562453b88b3131ca818103f/Humbly%20kind%2027a696347d664de28b9f1504c79a16b7.html),Communication,Doesn’t withhold or manipulate information and its distribution for anyone's benefit
Junior (Levels%2038a094b7550d4c1cb7b5cdf494bc6b0f/Staff%20levels%20a09c5732ed894c10b92492cb8dc8f5c1/Junior%20975c3d21c75e4349968e93effb7f5f07.html),Humbly kind (Company%20roles%20d961012e6fc04f329b876179617803d8/Culture%20and%20values%20be3138c1cf0a4ebe8628f14448654682/Company%20Values%20c65e8769a562453b88b3131ca818103f/Humbly%20kind%2027a696347d664de28b9f1504c79a16b7.html),Communication,"Communicates with others politely and with empathy, understands that people come from different cultures and backgrounds"
Junior (Levels%2038a094b7550d4c1cb7b5cdf494bc6b0f/Staff%20levels%20a09c5732ed894c10b92492cb8dc8f5c1/Junior%20975c3d21c75e4349968e93effb7f5f07.html),Adapt to change (Company%20roles%20d961012e6fc04f329b876179617803d8/Culture%20and%20values%20be3138c1cf0a4ebe8628f14448654682/Company%20Values%20c65e8769a562453b88b3131ca818103f/Adapt%20to%20change%200120570929b4435b85fc70bb12b43bf6.html),Ownership and drive,Doesn’t wait for someone else to tell them what to do
Junior (Levels%2038a094b7550d4c1cb7b5cdf494bc6b0f/Staff%20levels%20a09c5732ed894c10b92492cb8dc8f5c1/Junior%20975c3d21c75e4349968e93effb7f5f07.html),Adapt to change (Company%20roles%20d961012e6fc04f329b876179617803d8/Culture%20and%20values%20be3138c1cf0a4ebe8628f14448654682/Company%20Values%20c65e8769a562453b88b3131ca818103f/Adapt%20to%20change%200120570929b4435b85fc70bb12b43bf6.html),Ownership and drive,Able to ask for clarification or for help when struggling
Junior (Levels%2038a094b7550d4c1cb7b5cdf494bc6b0f/Staff%20levels%20a09c5732ed894c10b92492cb8dc8f5c1/Junior%20975c3d21c75e4349968e93effb7f5f07.html),Adapt to change (Company%20roles%20d961012e6fc04f329b876179617803d8/Culture%20and%20values%20be3138c1cf0a4ebe8628f14448654682/Company%20Values%20c65e8769a562453b88b3131ca818103f/Adapt%20to%20change%200120570929b4435b85fc70bb12b43bf6.html),Ownership and drive,Shows interest and motivation when working without external motivation
Junior (Levels%2038a094b7550d4c1cb7b5cdf494bc6b0f/Staff%20levels%20a09c5732ed894c10b92492cb8dc8f5c1/Junior%20975c3d21c75e4349968e93effb7f5f07.html),Adapt to change (Company%20roles%20d961012e6fc04f329b876179617803d8/Culture%20and%20values%20be3138c1cf0a4ebe8628f14448654682/Company%20Values%20c65e8769a562453b88b3131ca818103f/Adapt%20to%20change%200120570929b4435b85fc70bb12b43bf6.html),Ownership and drive,Faces new situations with curiosity
Junior (Levels%2038a094b7550d4c1cb7b5cdf494bc6b0f/Staff%20levels%20a09c5732ed894c10b92492cb8dc8f5c1/Junior%20975c3d21c75e4349968e93effb7f5f07.html),Radiate truth (Company%20roles%20d961012e6fc04f329b876179617803d8/Culture%20and%20values%20be3138c1cf0a4ebe8628f14448654682/Company%20Values%20c65e8769a562453b88b3131ca818103f/Radiate%20truth%2052ad44ce6a014b66b7251968c7f37d41.html),Reliability,Has daily conversations with the team about the progress of their work
Junior (Levels%2038a094b7550d4c1cb7b5cdf494bc6b0f/Staff%20levels%20a09c5732ed894c10b92492cb8dc8f5c1/Junior%20975c3d21c75e4349968e93effb7f5f07.html),Radiate truth (Company%20roles%20d961012e6fc04f329b876179617803d8/Culture%20and%20values%20be3138c1cf0a4ebe8628f14448654682/Company%20Values%20c65e8769a562453b88b3131ca818103f/Radiate%20truth%2052ad44ce6a014b66b7251968c7f37d41.html),Reliability,Delivers on commitments while understanding their importance and priority
Junior (Levels%2038a094b7550d4c1cb7b5cdf494bc6b0f/Staff%20levels%20a09c5732ed894c10b92492cb8dc8f5c1/Junior%20975c3d21c75e4349968e93effb7f5f07.html),Adapt to change (Company%20roles%20d961012e6fc04f329b876179617803d8/Culture%20and%20values%20be3138c1cf0a4ebe8628f14448654682/Company%20Values%20c65e8769a562453b88b3131ca818103f/Adapt%20to%20change%200120570929b4435b85fc70bb12b43bf6.html),Problem solving,Solves simple and well-defined tasks by themselves
Junior (Levels%2038a094b7550d4c1cb7b5cdf494bc6b0f/Staff%20levels%20a09c5732ed894c10b92492cb8dc8f5c1/Junior%20975c3d21c75e4349968e93effb7f5f07.html),Adapt to change (Company%20roles%20d961012e6fc04f329b876179617803d8/Culture%20and%20values%20be3138c1cf0a4ebe8628f14448654682/Company%20Values%20c65e8769a562453b88b3131ca818103f/Adapt%20to%20change%200120570929b4435b85fc70bb12b43bf6.html),Problem solving,Can split work into actionable chunks with the assistance of others
Junior (Levels%2038a094b7550d4c1cb7b5cdf494bc6b0f/Staff%20levels%20a09c5732ed894c10b92492cb8dc8f5c1/Junior%20975c3d21c75e4349968e93effb7f5f07.html),New horizons (Company%20roles%20d961012e6fc04f329b876179617803d8/Culture%20and%20values%20be3138c1cf0a4ebe8628f14448654682/Company%20Values%20c65e8769a562453b88b3131ca818103f/New%20horizons%2016e68e884b454060a2de1faeec40eece.html),Problem solving,Recognizes large or complex problems and involves the team for assistance
Junior (Levels%2038a094b7550d4c1cb7b5cdf494bc6b0f/Staff%20levels%20a09c5732ed894c10b92492cb8dc8f5c1/Junior%20975c3d21c75e4349968e93effb7f5f07.html),Gather value (Company%20roles%20d961012e6fc04f329b876179617803d8/Culture%20and%20values%20be3138c1cf0a4ebe8628f14448654682/Company%20Values%20c65e8769a562453b88b3131ca818103f/Gather%20value%2077aab01281814dec94ccddf330619a23.html),Business domain knowledge,Understands general company customer needs. Knows how our customers do their job and how are we helping them. Knows what products do we offer
Junior (Levels%2038a094b7550d4c1cb7b5cdf494bc6b0f/Staff%20levels%20a09c5732ed894c10b92492cb8dc8f5c1/Junior%20975c3d21c75e4349968e93effb7f5f07.html),Gather value (Company%20roles%20d961012e6fc04f329b876179617803d8/Culture%20and%20values%20be3138c1cf0a4ebe8628f14448654682/Company%20Values%20c65e8769a562453b88b3131ca818103f/Gather%20value%2077aab01281814dec94ccddf330619a23.html),Business domain knowledge,"Understands business priorities and ways how company and team decisions support those.• Learns their team's domain (e.g. email, scheduling, mobile, internal tooling) and their customers needs"
Junior (Levels%2038a094b7550d4c1cb7b5cdf494bc6b0f/Staff%20levels%20a09c5732ed894c10b92492cb8dc8f5c1/Junior%20975c3d21c75e4349968e93effb7f5f07.html),Gather value (Company%20roles%20d961012e6fc04f329b876179617803d8/Culture%20and%20values%20be3138c1cf0a4ebe8628f14448654682/Company%20Values%20c65e8769a562453b88b3131ca818103f/Gather%20value%2077aab01281814dec94ccddf330619a23.html),Business domain knowledge,"Able to adjust priorities, scope and quality with guidance from others"
Junior (Levels%2038a094b7550d4c1cb7b5cdf494bc6b0f/Staff%20levels%20a09c5732ed894c10b92492cb8dc8f5c1/Junior%20975c3d21c75e4349968e93effb7f5f07.html),Observable mind (Company%20roles%20d961012e6fc04f329b876179617803d8/Culture%20and%20values%20be3138c1cf0a4ebe8628f14448654682/Company%20Values%20c65e8769a562453b88b3131ca818103f/Observable%20mind%20ae0b4103b4124c63aaf6549d8c0fa575.html),Code quality,Aware of the code quality practices and understands the reasons behind them and practices some of them
Junior (Levels%2038a094b7550d4c1cb7b5cdf494bc6b0f/Staff%20levels%20a09c5732ed894c10b92492cb8dc8f5c1/Junior%20975c3d21c75e4349968e93effb7f5f07.html),Observable mind (Company%20roles%20d961012e6fc04f329b876179617803d8/Culture%20and%20values%20be3138c1cf0a4ebe8628f14448654682/Company%20Values%20c65e8769a562453b88b3131ca818103f/Observable%20mind%20ae0b4103b4124c63aaf6549d8c0fa575.html),Code quality,Can reason about and understand existing non-complex code
Junior (Levels%2038a094b7550d4c1cb7b5cdf494bc6b0f/Staff%20levels%20a09c5732ed894c10b92492cb8dc8f5c1/Junior%20975c3d21c75e4349968e93effb7f5f07.html),Observable mind (Company%20roles%20d961012e6fc04f329b876179617803d8/Culture%20and%20values%20be3138c1cf0a4ebe8628f14448654682/Company%20Values%20c65e8769a562453b88b3131ca818103f/Observable%20mind%20ae0b4103b4124c63aaf6549d8c0fa575.html),Code quality,Able to document solutions and explain their decisions
Junior (Levels%2038a094b7550d4c1cb7b5cdf494bc6b0f/Staff%20levels%20a09c5732ed894c10b92492cb8dc8f5c1/Junior%20975c3d21c75e4349968e93effb7f5f07.html),Observable mind (Company%20roles%20d961012e6fc04f329b876179617803d8/Culture%20and%20values%20be3138c1cf0a4ebe8628f14448654682/Company%20Values%20c65e8769a562453b88b3131ca818103f/Observable%20mind%20ae0b4103b4124c63aaf6549d8c0fa575.html),Code reviews,Performs code reviews regularly without a need to be explicitly asked
Junior (Levels%2038a094b7550d4c1cb7b5cdf494bc6b0f/Staff%20levels%20a09c5732ed894c10b92492cb8dc8f5c1/Junior%20975c3d21c75e4349968e93effb7f5f07.html),Observable mind (Company%20roles%20d961012e6fc04f329b876179617803d8/Culture%20and%20values%20be3138c1cf0a4ebe8628f14448654682/Company%20Values%20c65e8769a562453b88b3131ca818103f/Observable%20mind%20ae0b4103b4124c63aaf6549d8c0fa575.html),Code reviews,Asks questions in PR about code which they don't understand
Junior (Levels%2038a094b7550d4c1cb7b5cdf494bc6b0f/Staff%20levels%20a09c5732ed894c10b92492cb8dc8f5c1/Junior%20975c3d21c75e4349968e93effb7f5f07.html),Observable mind (Company%20roles%20d961012e6fc04f329b876179617803d8/Culture%20and%20values%20be3138c1cf0a4ebe8628f14448654682/Company%20Values%20c65e8769a562453b88b3131ca818103f/Observable%20mind%20ae0b4103b4124c63aaf6549d8c0fa575.html),Code reviews,Able to find typos and code inconsistency in any code
Junior (Levels%2038a094b7550d4c1cb7b5cdf494bc6b0f/Staff%20levels%20a09c5732ed894c10b92492cb8dc8f5c1/Junior%20975c3d21c75e4349968e93effb7f5f07.html),Observable mind (Company%20roles%20d961012e6fc04f329b876179617803d8/Culture%20and%20values%20be3138c1cf0a4ebe8628f14448654682/Company%20Values%20c65e8769a562453b88b3131ca818103f/Observable%20mind%20ae0b4103b4124c63aaf6549d8c0fa575.html),Code reviews,Finds possible issues in known components
Junior (Levels%2038a094b7550d4c1cb7b5cdf494bc6b0f/Staff%20levels%20a09c5732ed894c10b92492cb8dc8f5c1/Junior%20975c3d21c75e4349968e93effb7f5f07.html),New horizons (Company%20roles%20d961012e6fc04f329b876179617803d8/Culture%20and%20values%20be3138c1cf0a4ebe8628f14448654682/Company%20Values%20c65e8769a562453b88b3131ca818103f/New%20horizons%2016e68e884b454060a2de1faeec40eece.html),System design and architecture,"Understands the architecture and design used in the team on the level that allows them to independently work on tasks, avoiding duplication across codebases and interface-breaking changes"
Junior (Levels%2038a094b7550d4c1cb7b5cdf494bc6b0f/Staff%20levels%20a09c5732ed894c10b92492cb8dc8f5c1/Junior%20975c3d21c75e4349968e93effb7f5f07.html),New horizons (Company%20roles%20d961012e6fc04f329b876179617803d8/Culture%20and%20values%20be3138c1cf0a4ebe8628f14448654682/Company%20Values%20c65e8769a562453b88b3131ca818103f/New%20horizons%2016e68e884b454060a2de1faeec40eece.html),System design and architecture,New code is aligned with the team architecture and company best practices
Junior (Levels%2038a094b7550d4c1cb7b5cdf494bc6b0f/Staff%20levels%20a09c5732ed894c10b92492cb8dc8f5c1/Junior%20975c3d21c75e4349968e93effb7f5f07.html),Radiate truth (Company%20roles%20d961012e6fc04f329b876179617803d8/Culture%20and%20values%20be3138c1cf0a4ebe8628f14448654682/Company%20Values%20c65e8769a562453b88b3131ca818103f/Radiate%20truth%2052ad44ce6a014b66b7251968c7f37d41.html),Engineering Operations,Helps answer questions in public channels
Junior (Levels%2038a094b7550d4c1cb7b5cdf494bc6b0f/Staff%20levels%20a09c5732ed894c10b92492cb8dc8f5c1/Junior%20975c3d21c75e4349968e93effb7f5f07.html),Observable mind (Company%20roles%20d961012e6fc04f329b876179617803d8/Culture%20and%20values%20be3138c1cf0a4ebe8628f14448654682/Company%20Values%20c65e8769a562453b88b3131ca818103f/Observable%20mind%20ae0b4103b4124c63aaf6549d8c0fa575.html),Engineering Operations,Is aware of CI/CD pipeline and tools the team is using
Junior (Levels%2038a094b7550d4c1cb7b5cdf494bc6b0f/Staff%20levels%20a09c5732ed894c10b92492cb8dc8f5c1/Junior%20975c3d21c75e4349968e93effb7f5f07.html),Observable mind (Company%20roles%20d961012e6fc04f329b876179617803d8/Culture%20and%20values%20be3138c1cf0a4ebe8628f14448654682/Company%20Values%20c65e8769a562453b88b3131ca818103f/Observable%20mind%20ae0b4103b4124c63aaf6549d8c0fa575.html),Engineering Operations,Knows how to rollback to working version of the module in case of an incident
Junior (Levels%2038a094b7550d4c1cb7b5cdf494bc6b0f/Staff%20levels%20a09c5732ed894c10b92492cb8dc8f5c1/Junior%20975c3d21c75e4349968e93effb7f5f07.html),Observable mind (Company%20roles%20d961012e6fc04f329b876179617803d8/Culture%20and%20values%20be3138c1cf0a4ebe8628f14448654682/Company%20Values%20c65e8769a562453b88b3131ca818103f/Observable%20mind%20ae0b4103b4124c63aaf6549d8c0fa575.html),Engineering Operations,Is aware of monitors and alerts in the team
Junior (Levels%2038a094b7550d4c1cb7b5cdf494bc6b0f/Staff%20levels%20a09c5732ed894c10b92492cb8dc8f5c1/Junior%20975c3d21c75e4349968e93effb7f5f07.html),Adapt to change (Company%20roles%20d961012e6fc04f329b876179617803d8/Culture%20and%20values%20be3138c1cf0a4ebe8628f14448654682/Company%20Values%20c65e8769a562453b88b3131ca818103f/Adapt%20to%20change%200120570929b4435b85fc70bb12b43bf6.html),Project management and prioritisation,Understands the agile delivery process
Junior (Levels%2038a094b7550d4c1cb7b5cdf494bc6b0f/Staff%20levels%20a09c5732ed894c10b92492cb8dc8f5c1/Junior%20975c3d21c75e4349968e93effb7f5f07.html),Adapt to change (Company%20roles%20d961012e6fc04f329b876179617803d8/Culture%20and%20values%20be3138c1cf0a4ebe8628f14448654682/Company%20Values%20c65e8769a562453b88b3131ca818103f/Adapt%20to%20change%200120570929b4435b85fc70bb12b43bf6.html),Project management and prioritisation,Spots tasks which are too big when they work on it
Junior (Levels%2038a094b7550d4c1cb7b5cdf494bc6b0f/Staff%20levels%20a09c5732ed894c10b92492cb8dc8f5c1/Junior%20975c3d21c75e4349968e93effb7f5f07.html),Adapt to change (Company%20roles%20d961012e6fc04f329b876179617803d8/Culture%20and%20values%20be3138c1cf0a4ebe8628f14448654682/Company%20Values%20c65e8769a562453b88b3131ca818103f/Adapt%20to%20change%200120570929b4435b85fc70bb12b43bf6.html),Project management and prioritisation,Communicates dependencies and potential blockers
Junior (Levels%2038a094b7550d4c1cb7b5cdf494bc6b0f/Staff%20levels%20a09c5732ed894c10b92492cb8dc8f5c1/Junior%20975c3d21c75e4349968e93effb7f5f07.html),Adapt to change (Company%20roles%20d961012e6fc04f329b876179617803d8/Culture%20and%20values%20be3138c1cf0a4ebe8628f14448654682/Company%20Values%20c65e8769a562453b88b3131ca818103f/Adapt%20to%20change%200120570929b4435b85fc70bb12b43bf6.html),Project management and prioritisation,Ensures that tasks are appropriately sized for incremental delivery with help from others
Junior (Levels%2038a094b7550d4c1cb7b5cdf494bc6b0f/Staff%20levels%20a09c5732ed894c10b92492cb8dc8f5c1/Junior%20975c3d21c75e4349968e93effb7f5f07.html),Adapt to change (Company%20roles%20d961012e6fc04f329b876179617803d8/Culture%20and%20values%20be3138c1cf0a4ebe8628f14448654682/Company%20Values%20c65e8769a562453b88b3131ca818103f/Adapt%20to%20change%200120570929b4435b85fc70bb12b43bf6.html),Project management and prioritisation,Understands and acts according to task prioritisation
Junior (Levels%2038a094b7550d4c1cb7b5cdf494bc6b0f/Staff%20levels%20a09c5732ed894c10b92492cb8dc8f5c1/Junior%20975c3d21c75e4349968e93effb7f5f07.html),Adapt to change (Company%20roles%20d961012e6fc04f329b876179617803d8/Culture%20and%20values%20be3138c1cf0a4ebe8628f14448654682/Company%20Values%20c65e8769a562453b88b3131ca818103f/Adapt%20to%20change%200120570929b4435b85fc70bb12b43bf6.html),Project management and prioritisation,"Communicates with task stakeholders (PM, Design) to clarify and review their work"
Junior (Levels%2038a094b7550d4c1cb7b5cdf494bc6b0f/Staff%20levels%20a09c5732ed894c10b92492cb8dc8f5c1/Junior%20975c3d21c75e4349968e93effb7f5f07.html),Adapt to change (Company%20roles%20d961012e6fc04f329b876179617803d8/Culture%20and%20values%20be3138c1cf0a4ebe8628f14448654682/Company%20Values%20c65e8769a562453b88b3131ca818103f/Adapt%20to%20change%200120570929b4435b85fc70bb12b43bf6.html),Project management and prioritisation,Able to estimate a task
Junior (Levels%2038a094b7550d4c1cb7b5cdf494bc6b0f/Staff%20levels%20a09c5732ed894c10b92492cb8dc8f5c1/Junior%20975c3d21c75e4349968e93effb7f5f07.html),Adapt to change (Company%20roles%20d961012e6fc04f329b876179617803d8/Culture%20and%20values%20be3138c1cf0a4ebe8628f14448654682/Company%20Values%20c65e8769a562453b88b3131ca818103f/Adapt%20to%20change%200120570929b4435b85fc70bb12b43bf6.html),Project management and prioritisation,"Understands company, team and project goals and always working towards them"
Junior (Levels%2038a094b7550d4c1cb7b5cdf494bc6b0f/Staff%20levels%20a09c5732ed894c10b92492cb8dc8f5c1/Junior%20975c3d21c75e4349968e93effb7f5f07.html),Adapt to change (Company%20roles%20d961012e6fc04f329b876179617803d8/Culture%20and%20values%20be3138c1cf0a4ebe8628f14448654682/Company%20Values%20c65e8769a562453b88b3131ca818103f/Adapt%20to%20change%200120570929b4435b85fc70bb12b43bf6.html),Project management and prioritisation,Always asks for clarification if something is unclear
Junior (Levels%2038a094b7550d4c1cb7b5cdf494bc6b0f/Staff%20levels%20a09c5732ed894c10b92492cb8dc8f5c1/Junior%20975c3d21c75e4349968e93effb7f5f07.html),Team effort (Company%20roles%20d961012e6fc04f329b876179617803d8/Culture%20and%20values%20be3138c1cf0a4ebe8628f14448654682/Company%20Values%20c65e8769a562453b88b3131ca818103f/Team%20effort%20946788035d7f4462b4228eee8a4ca7ca.html),Developing others,"Sometimes supports their teammates in an open, respectful, flexible, empathetic manner (for example: helping with learning technical skills or overcoming technical challenges)"
Junior (Levels%2038a094b7550d4c1cb7b5cdf494bc6b0f/Staff%20levels%20a09c5732ed894c10b92492cb8dc8f5c1/Junior%20975c3d21c75e4349968e93effb7f5f07.html),Team effort (Company%20roles%20d961012e6fc04f329b876179617803d8/Culture%20and%20values%20be3138c1cf0a4ebe8628f14448654682/Company%20Values%20c65e8769a562453b88b3131ca818103f/Team%20effort%20946788035d7f4462b4228eee8a4ca7ca.html),Developing others,Helps with onboarding newcomers
Junior (Levels%2038a094b7550d4c1cb7b5cdf494bc6b0f/Staff%20levels%20a09c5732ed894c10b92492cb8dc8f5c1/Junior%20975c3d21c75e4349968e93effb7f5f07.html),Adapt to change (Company%20roles%20d961012e6fc04f329b876179617803d8/Culture%20and%20values%20be3138c1cf0a4ebe8628f14448654682/Company%20Values%20c65e8769a562453b88b3131ca818103f/Adapt%20to%20change%200120570929b4435b85fc70bb12b43bf6.html),Decisiveness,Make decisions where necessary information is available
Junior (Levels%2038a094b7550d4c1cb7b5cdf494bc6b0f/Staff%20levels%20a09c5732ed894c10b92492cb8dc8f5c1/Junior%20975c3d21c75e4349968e93effb7f5f07.html),Adapt to change (Company%20roles%20d961012e6fc04f329b876179617803d8/Culture%20and%20values%20be3138c1cf0a4ebe8628f14448654682/Company%20Values%20c65e8769a562453b88b3131ca818103f/Adapt%20to%20change%200120570929b4435b85fc70bb12b43bf6.html),Decisiveness,"With guidance, are able to handle risk, change, and uncertainty within their personal scope of work effectively"
Junior (Levels%2038a094b7550d4c1cb7b5cdf494bc6b0f/Staff%20levels%20a09c5732ed894c10b92492cb8dc8f5c1/Junior%20975c3d21c75e4349968e93effb7f5f07.html),Team effort (Company%20roles%20d961012e6fc04f329b876179617803d8/Culture%20and%20values%20be3138c1cf0a4ebe8628f14448654682/Company%20Values%20c65e8769a562453b88b3131ca818103f/Team%20effort%20946788035d7f4462b4228eee8a4ca7ca.html),Facilitation,Ensures that all relevant parties are involved
Junior (Levels%2038a094b7550d4c1cb7b5cdf494bc6b0f/Staff%20levels%20a09c5732ed894c10b92492cb8dc8f5c1/Junior%20975c3d21c75e4349968e93effb7f5f07.html),Team effort (Company%20roles%20d961012e6fc04f329b876179617803d8/Culture%20and%20values%20be3138c1cf0a4ebe8628f14448654682/Company%20Values%20c65e8769a562453b88b3131ca818103f/Team%20effort%20946788035d7f4462b4228eee8a4ca7ca.html),Facilitation,"Organizes meetings, finds the most suitable time for all participants"
Junior (Levels%2038a094b7550d4c1cb7b5cdf494bc6b0f/Staff%20levels%20a09c5732ed894c10b92492cb8dc8f5c1/Junior%20975c3d21c75e4349968e93effb7f5f07.html),Team effort (Company%20roles%20d961012e6fc04f329b876179617803d8/Culture%20and%20values%20be3138c1cf0a4ebe8628f14448654682/Company%20Values%20c65e8769a562453b88b3131ca818103f/Team%20effort%20946788035d7f4462b4228eee8a4ca7ca.html),Facilitation,Is responsible for agenda and results of the meeting
Junior (Levels%2038a094b7550d4c1cb7b5cdf494bc6b0f/Staff%20levels%20a09c5732ed894c10b92492cb8dc8f5c1/Junior%20975c3d21c75e4349968e93effb7f5f07.html),Team effort (Company%20roles%20d961012e6fc04f329b876179617803d8/Culture%20and%20values%20be3138c1cf0a4ebe8628f14448654682/Company%20Values%20c65e8769a562453b88b3131ca818103f/Team%20effort%20946788035d7f4462b4228eee8a4ca7ca.html),Facilitation,Performs basic meeting facilitation
Intern (Levels%2038a094b7550d4c1cb7b5cdf494bc6b0f/Staff%20levels%20a09c5732ed894c10b92492cb8dc8f5c1/Intern%20be8f5bc504af46b082f71834167253d3.html),Humbly kind (Company%20roles%20d961012e6fc04f329b876179617803d8/Culture%20and%20values%20be3138c1cf0a4ebe8628f14448654682/Company%20Values%20c65e8769a562453b88b3131ca818103f/Humbly%20kind%2027a696347d664de28b9f1504c79a16b7.html),Communication,"Clearly expresses thoughts and ideas, listens, and is approachable"
Intern (Levels%2038a094b7550d4c1cb7b5cdf494bc6b0f/Staff%20levels%20a09c5732ed894c10b92492cb8dc8f5c1/Intern%20be8f5bc504af46b082f71834167253d3.html),Humbly kind (Company%20roles%20d961012e6fc04f329b876179617803d8/Culture%20and%20values%20be3138c1cf0a4ebe8628f14448654682/Company%20Values%20c65e8769a562453b88b3131ca818103f/Humbly%20kind%2027a696347d664de28b9f1504c79a16b7.html),Communication,Has an ability to relay information openly and transparently
Intern (Levels%2038a094b7550d4c1cb7b5cdf494bc6b0f/Staff%20levels%20a09c5732ed894c10b92492cb8dc8f5c1/Intern%20be8f5bc504af46b082f71834167253d3.html),Humbly kind (Company%20roles%20d961012e6fc04f329b876179617803d8/Culture%20and%20values%20be3138c1cf0a4ebe8628f14448654682/Company%20Values%20c65e8769a562453b88b3131ca818103f/Humbly%20kind%2027a696347d664de28b9f1504c79a16b7.html),Communication,Habitually shares information with others inside and outside the company
Intern (Levels%2038a094b7550d4c1cb7b5cdf494bc6b0f/Staff%20levels%20a09c5732ed894c10b92492cb8dc8f5c1/Intern%20be8f5bc504af46b082f71834167253d3.html),Humbly kind (Company%20roles%20d961012e6fc04f329b876179617803d8/Culture%20and%20values%20be3138c1cf0a4ebe8628f14448654682/Company%20Values%20c65e8769a562453b88b3131ca818103f/Humbly%20kind%2027a696347d664de28b9f1504c79a16b7.html),Communication,Open-mindedness and a habit of learning from others regardless of their position or experience
Intern (Levels%2038a094b7550d4c1cb7b5cdf494bc6b0f/Staff%20levels%20a09c5732ed894c10b92492cb8dc8f5c1/Intern%20be8f5bc504af46b082f71834167253d3.html),Humbly kind (Company%20roles%20d961012e6fc04f329b876179617803d8/Culture%20and%20values%20be3138c1cf0a4ebe8628f14448654682/Company%20Values%20c65e8769a562453b88b3131ca818103f/Humbly%20kind%2027a696347d664de28b9f1504c79a16b7.html),Communication,Ability to admit being wrong or not knowing something
Middle (Levels%2038a094b7550d4c1cb7b5cdf494bc6b0f/Staff%20levels%20a09c5732ed894c10b92492cb8dc8f5c1/Middle%20c45b4e97cb2d49a2b73a1e55b95ceb26.html),Humbly kind (Company%20roles%20d961012e6fc04f329b876179617803d8/Culture%20and%20values%20be3138c1cf0a4ebe8628f14448654682/Company%20Values%20c65e8769a562453b88b3131ca818103f/Humbly%20kind%2027a696347d664de28b9f1504c79a16b7.html),Communication,Clarifies information when it's vague or confusing
Middle (Levels%2038a094b7550d4c1cb7b5cdf494bc6b0f/Staff%20levels%20a09c5732ed894c10b92492cb8dc8f5c1/Middle%20c45b4e97cb2d49a2b73a1e55b95ceb26.html),Humbly kind (Company%20roles%20d961012e6fc04f329b876179617803d8/Culture%20and%20values%20be3138c1cf0a4ebe8628f14448654682/Company%20Values%20c65e8769a562453b88b3131ca818103f/Humbly%20kind%2027a696347d664de28b9f1504c79a16b7.html),Communication,Written communication is concise and clear
Middle (Levels%2038a094b7550d4c1cb7b5cdf494bc6b0f/Staff%20levels%20a09c5732ed894c10b92492cb8dc8f5c1/Middle%20c45b4e97cb2d49a2b73a1e55b95ceb26.html),Humbly kind (Company%20roles%20d961012e6fc04f329b876179617803d8/Culture%20and%20values%20be3138c1cf0a4ebe8628f14448654682/Company%20Values%20c65e8769a562453b88b3131ca818103f/Humbly%20kind%2027a696347d664de28b9f1504c79a16b7.html),Communication,"Identifies situations where others in the company could benefit from the information they know, and shares it (guilds, team TEX-es)."
Middle (Levels%2038a094b7550d4c1cb7b5cdf494bc6b0f/Staff%20levels%20a09c5732ed894c10b92492cb8dc8f5c1/Middle%20c45b4e97cb2d49a2b73a1e55b95ceb26.html),Humbly kind (Company%20roles%20d961012e6fc04f329b876179617803d8/Culture%20and%20values%20be3138c1cf0a4ebe8628f14448654682/Company%20Values%20c65e8769a562453b88b3131ca818103f/Humbly%20kind%2027a696347d664de28b9f1504c79a16b7.html),Communication,Practices active listening techniques towards the team
Senior / Manager (Levels%2038a094b7550d4c1cb7b5cdf494bc6b0f/Staff%20levels%20a09c5732ed894c10b92492cb8dc8f5c1/Senior%20Manager%20c62668f450704b73b87d66b506b315ab.html),Humbly kind (Company%20roles%20d961012e6fc04f329b876179617803d8/Culture%20and%20values%20be3138c1cf0a4ebe8628f14448654682/Company%20Values%20c65e8769a562453b88b3131ca818103f/Humbly%20kind%2027a696347d664de28b9f1504c79a16b7.html),Communication,"Identifies how written communication can be received differently by others, and switches communication mediums and styles to convey a clear and kind message"
Senior / Manager (Levels%2038a094b7550d4c1cb7b5cdf494bc6b0f/Staff%20levels%20a09c5732ed894c10b92492cb8dc8f5c1/Senior%20Manager%20c62668f450704b73b87d66b506b315ab.html),Humbly kind (Company%20roles%20d961012e6fc04f329b876179617803d8/Culture%20and%20values%20be3138c1cf0a4ebe8628f14448654682/Company%20Values%20c65e8769a562453b88b3131ca818103f/Humbly%20kind%2027a696347d664de28b9f1504c79a16b7.html),Communication,"Holds constructive, objective, and critical discussions on controversial issues with difficult audiences"
Senior / Manager (Levels%2038a094b7550d4c1cb7b5cdf494bc6b0f/Staff%20levels%20a09c5732ed894c10b92492cb8dc8f5c1/Senior%20Manager%20c62668f450704b73b87d66b506b315ab.html),Humbly kind (Company%20roles%20d961012e6fc04f329b876179617803d8/Culture%20and%20values%20be3138c1cf0a4ebe8628f14448654682/Company%20Values%20c65e8769a562453b88b3131ca818103f/Humbly%20kind%2027a696347d664de28b9f1504c79a16b7.html),Communication,Quickly extracts core issues from discussions and meetings. Their presence makes meetings more productive
Staff / Lead / Head (Levels%2038a094b7550d4c1cb7b5cdf494bc6b0f/Staff%20levels%20a09c5732ed894c10b92492cb8dc8f5c1/Staff%20Lead%20Head%2089947324a2ed488c937233ef5541ff67.html),Humbly kind (Company%20roles%20d961012e6fc04f329b876179617803d8/Culture%20and%20values%20be3138c1cf0a4ebe8628f14448654682/Company%20Values%20c65e8769a562453b88b3131ca818103f/Humbly%20kind%2027a696347d664de28b9f1504c79a16b7.html),Communication,"Effectively promotes company branding through several public communication initiatives such as public speaking (e.g., Meetups) or blog post writing"
Principal / Director / Group EM (Levels%2038a094b7550d4c1cb7b5cdf494bc6b0f/Staff%20levels%20a09c5732ed894c10b92492cb8dc8f5c1/Principal%20Director%20Group%20EM%20e42b22e26779451db495b31d8fd62b42.html),Humbly kind (Company%20roles%20d961012e6fc04f329b876179617803d8/Culture%20and%20values%20be3138c1cf0a4ebe8628f14448654682/Company%20Values%20c65e8769a562453b88b3131ca818103f/Humbly%20kind%2027a696347d664de28b9f1504c79a16b7.html),Communication,Others often seek out their advice on matters involving communication
Principal / Director / Group EM (Levels%2038a094b7550d4c1cb7b5cdf494bc6b0f/Staff%20levels%20a09c5732ed894c10b92492cb8dc8f5c1/Principal%20Director%20Group%20EM%20e42b22e26779451db495b31d8fd62b42.html),Humbly kind (Company%20roles%20d961012e6fc04f329b876179617803d8/Culture%20and%20values%20be3138c1cf0a4ebe8628f14448654682/Company%20Values%20c65e8769a562453b88b3131ca818103f/Humbly%20kind%2027a696347d664de28b9f1504c79a16b7.html),Communication,"Not only practices mindful communication and active listening in interactions, but fosters these practices in others"
Intern (Levels%2038a094b7550d4c1cb7b5cdf494bc6b0f/Staff%20levels%20a09c5732ed894c10b92492cb8dc8f5c1/Intern%20be8f5bc504af46b082f71834167253d3.html),Team effort (Company%20roles%20d961012e6fc04f329b876179617803d8/Culture%20and%20values%20be3138c1cf0a4ebe8628f14448654682/Company%20Values%20c65e8769a562453b88b3131ca818103f/Team%20effort%20946788035d7f4462b4228eee8a4ca7ca.html),Teamwork,"Ability to work with others, providing support and assistance to achieve team goals"
Intern (Levels%2038a094b7550d4c1cb7b5cdf494bc6b0f/Staff%20levels%20a09c5732ed894c10b92492cb8dc8f5c1/Intern%20be8f5bc504af46b082f71834167253d3.html),Team effort (Company%20roles%20d961012e6fc04f329b876179617803d8/Culture%20and%20values%20be3138c1cf0a4ebe8628f14448654682/Company%20Values%20c65e8769a562453b88b3131ca818103f/Team%20effort%20946788035d7f4462b4228eee8a4ca7ca.html),Teamwork,Great things are achieved by teams and the person accepts that the team is collectively smarter than them alone
Junior (Levels%2038a094b7550d4c1cb7b5cdf494bc6b0f/Staff%20levels%20a09c5732ed894c10b92492cb8dc8f5c1/Junior%20975c3d21c75e4349968e93effb7f5f07.html),Team effort (Company%20roles%20d961012e6fc04f329b876179617803d8/Culture%20and%20values%20be3138c1cf0a4ebe8628f14448654682/Company%20Values%20c65e8769a562453b88b3131ca818103f/Team%20effort%20946788035d7f4462b4228eee8a4ca7ca.html),Teamwork,"Open to collaboration: joining workshops, pair programming, accepts help when stuck"
Junior (Levels%2038a094b7550d4c1cb7b5cdf494bc6b0f/Staff%20levels%20a09c5732ed894c10b92492cb8dc8f5c1/Junior%20975c3d21c75e4349968e93effb7f5f07.html),Team effort (Company%20roles%20d961012e6fc04f329b876179617803d8/Culture%20and%20values%20be3138c1cf0a4ebe8628f14448654682/Company%20Values%20c65e8769a562453b88b3131ca818103f/Team%20effort%20946788035d7f4462b4228eee8a4ca7ca.html),Teamwork,Offers help when others say they're stuck
Junior (Levels%2038a094b7550d4c1cb7b5cdf494bc6b0f/Staff%20levels%20a09c5732ed894c10b92492cb8dc8f5c1/Junior%20975c3d21c75e4349968e93effb7f5f07.html),Team effort (Company%20roles%20d961012e6fc04f329b876179617803d8/Culture%20and%20values%20be3138c1cf0a4ebe8628f14448654682/Company%20Values%20c65e8769a562453b88b3131ca818103f/Team%20effort%20946788035d7f4462b4228eee8a4ca7ca.html),Teamwork,Verifies their opinion with facts. Changes opinion in face of clearly disproving information
Middle (Levels%2038a094b7550d4c1cb7b5cdf494bc6b0f/Staff%20levels%20a09c5732ed894c10b92492cb8dc8f5c1/Middle%20c45b4e97cb2d49a2b73a1e55b95ceb26.html),Team effort (Company%20roles%20d961012e6fc04f329b876179617803d8/Culture%20and%20values%20be3138c1cf0a4ebe8628f14448654682/Company%20Values%20c65e8769a562453b88b3131ca818103f/Team%20effort%20946788035d7f4462b4228eee8a4ca7ca.html),Teamwork,Initiates pair programming and other ways to solve problems through team member collaboration
Middle (Levels%2038a094b7550d4c1cb7b5cdf494bc6b0f/Staff%20levels%20a09c5732ed894c10b92492cb8dc8f5c1/Middle%20c45b4e97cb2d49a2b73a1e55b95ceb26.html),Team effort (Company%20roles%20d961012e6fc04f329b876179617803d8/Culture%20and%20values%20be3138c1cf0a4ebe8628f14448654682/Company%20Values%20c65e8769a562453b88b3131ca818103f/Team%20effort%20946788035d7f4462b4228eee8a4ca7ca.html),Teamwork,"Shares the blame when something goes wrong, fixes team delivery problems regardless of who caused it"
Middle (Levels%2038a094b7550d4c1cb7b5cdf494bc6b0f/Staff%20levels%20a09c5732ed894c10b92492cb8dc8f5c1/Middle%20c45b4e97cb2d49a2b73a1e55b95ceb26.html),Team effort (Company%20roles%20d961012e6fc04f329b876179617803d8/Culture%20and%20values%20be3138c1cf0a4ebe8628f14448654682/Company%20Values%20c65e8769a562453b88b3131ca818103f/Team%20effort%20946788035d7f4462b4228eee8a4ca7ca.html),Teamwork,Shares the team's responsibilities and ensures the credit is shared
Middle (Levels%2038a094b7550d4c1cb7b5cdf494bc6b0f/Staff%20levels%20a09c5732ed894c10b92492cb8dc8f5c1/Middle%20c45b4e97cb2d49a2b73a1e55b95ceb26.html),Team effort (Company%20roles%20d961012e6fc04f329b876179617803d8/Culture%20and%20values%20be3138c1cf0a4ebe8628f14448654682/Company%20Values%20c65e8769a562453b88b3131ca818103f/Team%20effort%20946788035d7f4462b4228eee8a4ca7ca.html),Teamwork,Willing to lose an argument to move forward
Middle (Levels%2038a094b7550d4c1cb7b5cdf494bc6b0f/Staff%20levels%20a09c5732ed894c10b92492cb8dc8f5c1/Middle%20c45b4e97cb2d49a2b73a1e55b95ceb26.html),Team effort (Company%20roles%20d961012e6fc04f329b876179617803d8/Culture%20and%20values%20be3138c1cf0a4ebe8628f14448654682/Company%20Values%20c65e8769a562453b88b3131ca818103f/Team%20effort%20946788035d7f4462b4228eee8a4ca7ca.html),Teamwork,Contributes to a culture of continuous improvement on a project level
Senior / Manager (Levels%2038a094b7550d4c1cb7b5cdf494bc6b0f/Staff%20levels%20a09c5732ed894c10b92492cb8dc8f5c1/Senior%20Manager%20c62668f450704b73b87d66b506b315ab.html),Team effort (Company%20roles%20d961012e6fc04f329b876179617803d8/Culture%20and%20values%20be3138c1cf0a4ebe8628f14448654682/Company%20Values%20c65e8769a562453b88b3131ca818103f/Team%20effort%20946788035d7f4462b4228eee8a4ca7ca.html),Teamwork,Makes sure that teammates have what they need to contribute to team success
Senior / Manager (Levels%2038a094b7550d4c1cb7b5cdf494bc6b0f/Staff%20levels%20a09c5732ed894c10b92492cb8dc8f5c1/Senior%20Manager%20c62668f450704b73b87d66b506b315ab.html),Team effort (Company%20roles%20d961012e6fc04f329b876179617803d8/Culture%20and%20values%20be3138c1cf0a4ebe8628f14448654682/Company%20Values%20c65e8769a562453b88b3131ca818103f/Team%20effort%20946788035d7f4462b4228eee8a4ca7ca.html),Teamwork,Values the team and team’s results above personal success
Senior / Manager (Levels%2038a094b7550d4c1cb7b5cdf494bc6b0f/Staff%20levels%20a09c5732ed894c10b92492cb8dc8f5c1/Senior%20Manager%20c62668f450704b73b87d66b506b315ab.html),Team effort (Company%20roles%20d961012e6fc04f329b876179617803d8/Culture%20and%20values%20be3138c1cf0a4ebe8628f14448654682/Company%20Values%20c65e8769a562453b88b3131ca818103f/Team%20effort%20946788035d7f4462b4228eee8a4ca7ca.html),Teamwork,Finds the best solution is more important than just being right
Senior / Manager (Levels%2038a094b7550d4c1cb7b5cdf494bc6b0f/Staff%20levels%20a09c5732ed894c10b92492cb8dc8f5c1/Senior%20Manager%20c62668f450704b73b87d66b506b315ab.html),Team effort (Company%20roles%20d961012e6fc04f329b876179617803d8/Culture%20and%20values%20be3138c1cf0a4ebe8628f14448654682/Company%20Values%20c65e8769a562453b88b3131ca818103f/Team%20effort%20946788035d7f4462b4228eee8a4ca7ca.html),Teamwork,"Able to notice overwhelmed colleagues, supports and distributes their work among the team to be more equally spread"
Senior / Manager (Levels%2038a094b7550d4c1cb7b5cdf494bc6b0f/Staff%20levels%20a09c5732ed894c10b92492cb8dc8f5c1/Senior%20Manager%20c62668f450704b73b87d66b506b315ab.html),Team effort (Company%20roles%20d961012e6fc04f329b876179617803d8/Culture%20and%20values%20be3138c1cf0a4ebe8628f14448654682/Company%20Values%20c65e8769a562453b88b3131ca818103f/Team%20effort%20946788035d7f4462b4228eee8a4ca7ca.html),Teamwork,Fosters a culture of continuous improvement on a team level
Staff / Lead / Head (Levels%2038a094b7550d4c1cb7b5cdf494bc6b0f/Staff%20levels%20a09c5732ed894c10b92492cb8dc8f5c1/Staff%20Lead%20Head%2089947324a2ed488c937233ef5541ff67.html),Team effort (Company%20roles%20d961012e6fc04f329b876179617803d8/Culture%20and%20values%20be3138c1cf0a4ebe8628f14448654682/Company%20Values%20c65e8769a562453b88b3131ca818103f/Team%20effort%20946788035d7f4462b4228eee8a4ca7ca.html),Teamwork,Fosters support and collaboration in the tribe
Principal / Director / Group EM (Levels%2038a094b7550d4c1cb7b5cdf494bc6b0f/Staff%20levels%20a09c5732ed894c10b92492cb8dc8f5c1/Principal%20Director%20Group%20EM%20e42b22e26779451db495b31d8fd62b42.html),Team effort (Company%20roles%20d961012e6fc04f329b876179617803d8/Culture%20and%20values%20be3138c1cf0a4ebe8628f14448654682/Company%20Values%20c65e8769a562453b88b3131ca818103f/Team%20effort%20946788035d7f4462b4228eee8a4ca7ca.html),Teamwork,Fosters a culture of continuous improvement on the company level
Principal / Director / Group EM (Levels%2038a094b7550d4c1cb7b5cdf494bc6b0f/Staff%20levels%20a09c5732ed894c10b92492cb8dc8f5c1/Principal%20Director%20Group%20EM%20e42b22e26779451db495b31d8fd62b42.html),Team effort (Company%20roles%20d961012e6fc04f329b876179617803d8/Culture%20and%20values%20be3138c1cf0a4ebe8628f14448654682/Company%20Values%20c65e8769a562453b88b3131ca818103f/Team%20effort%20946788035d7f4462b4228eee8a4ca7ca.html),Teamwork,"Organizes workshops, TEXs, knowledge sharing session with the whole company"
Fellow / C* / VP (Levels%2038a094b7550d4c1cb7b5cdf494bc6b0f/Staff%20levels%20a09c5732ed894c10b92492cb8dc8f5c1/Fellow%20C%20VP%20b004ca0f8c114731a620e16615c073ef.html),Team effort (Company%20roles%20d961012e6fc04f329b876179617803d8/Culture%20and%20values%20be3138c1cf0a4ebe8628f14448654682/Company%20Values%20c65e8769a562453b88b3131ca818103f/Team%20effort%20946788035d7f4462b4228eee8a4ca7ca.html),Teamwork,Others look forward to working with them
Fellow / C* / VP (Levels%2038a094b7550d4c1cb7b5cdf494bc6b0f/Staff%20levels%20a09c5732ed894c10b92492cb8dc8f5c1/Fellow%20C%20VP%20b004ca0f8c114731a620e16615c073ef.html),Team effort (Company%20roles%20d961012e6fc04f329b876179617803d8/Culture%20and%20values%20be3138c1cf0a4ebe8628f14448654682/Company%20Values%20c65e8769a562453b88b3131ca818103f/Team%20effort%20946788035d7f4462b4228eee8a4ca7ca.html),Teamwork,Helps teams outside of the company
Intern (Levels%2038a094b7550d4c1cb7b5cdf494bc6b0f/Staff%20levels%20a09c5732ed894c10b92492cb8dc8f5c1/Intern%20be8f5bc504af46b082f71834167253d3.html),Radiate truth (Company%20roles%20d961012e6fc04f329b876179617803d8/Culture%20and%20values%20be3138c1cf0a4ebe8628f14448654682/Company%20Values%20c65e8769a562453b88b3131ca818103f/Radiate%20truth%2052ad44ce6a014b66b7251968c7f37d41.html),Feedback,Openness towards both receiving and giving feedback
Intern (Levels%2038a094b7550d4c1cb7b5cdf494bc6b0f/Staff%20levels%20a09c5732ed894c10b92492cb8dc8f5c1/Intern%20be8f5bc504af46b082f71834167253d3.html),Radiate truth (Company%20roles%20d961012e6fc04f329b876179617803d8/Culture%20and%20values%20be3138c1cf0a4ebe8628f14448654682/Company%20Values%20c65e8769a562453b88b3131ca818103f/Radiate%20truth%2052ad44ce6a014b66b7251968c7f37d41.html),Feedback,Makes it easy for others to give feedback
Junior (Levels%2038a094b7550d4c1cb7b5cdf494bc6b0f/Staff%20levels%20a09c5732ed894c10b92492cb8dc8f5c1/Junior%20975c3d21c75e4349968e93effb7f5f07.html),Radiate truth (Company%20roles%20d961012e6fc04f329b876179617803d8/Culture%20and%20values%20be3138c1cf0a4ebe8628f14448654682/Company%20Values%20c65e8769a562453b88b3131ca818103f/Radiate%20truth%2052ad44ce6a014b66b7251968c7f37d41.html),Feedback,Knows how to deliver praise and constructive feedback in a useful manner
Junior (Levels%2038a094b7550d4c1cb7b5cdf494bc6b0f/Staff%20levels%20a09c5732ed894c10b92492cb8dc8f5c1/Junior%20975c3d21c75e4349968e93effb7f5f07.html),Radiate truth (Company%20roles%20d961012e6fc04f329b876179617803d8/Culture%20and%20values%20be3138c1cf0a4ebe8628f14448654682/Company%20Values%20c65e8769a562453b88b3131ca818103f/Radiate%20truth%2052ad44ce6a014b66b7251968c7f37d41.html),Feedback,Gets better through delivering some praise and critique to their teammates
Junior (Levels%2038a094b7550d4c1cb7b5cdf494bc6b0f/Staff%20levels%20a09c5732ed894c10b92492cb8dc8f5c1/Junior%20975c3d21c75e4349968e93effb7f5f07.html),Radiate truth (Company%20roles%20d961012e6fc04f329b876179617803d8/Culture%20and%20values%20be3138c1cf0a4ebe8628f14448654682/Company%20Values%20c65e8769a562453b88b3131ca818103f/Radiate%20truth%2052ad44ce6a014b66b7251968c7f37d41.html),Feedback,"Makes it easy for others to give feedback to them. Shows appreciation, isn't defensive, actively listens and tries to understand the feedback"
Junior (Levels%2038a094b7550d4c1cb7b5cdf494bc6b0f/Staff%20levels%20a09c5732ed894c10b92492cb8dc8f5c1/Junior%20975c3d21c75e4349968e93effb7f5f07.html),Radiate truth (Company%20roles%20d961012e6fc04f329b876179617803d8/Culture%20and%20values%20be3138c1cf0a4ebe8628f14448654682/Company%20Values%20c65e8769a562453b88b3131ca818103f/Radiate%20truth%2052ad44ce6a014b66b7251968c7f37d41.html),Feedback,Admits they don't know everything and that they have something to learn from others
Junior (Levels%2038a094b7550d4c1cb7b5cdf494bc6b0f/Staff%20levels%20a09c5732ed894c10b92492cb8dc8f5c1/Junior%20975c3d21c75e4349968e93effb7f5f07.html),Radiate truth (Company%20roles%20d961012e6fc04f329b876179617803d8/Culture%20and%20values%20be3138c1cf0a4ebe8628f14448654682/Company%20Values%20c65e8769a562453b88b3131ca818103f/Radiate%20truth%2052ad44ce6a014b66b7251968c7f37d41.html),Feedback,Seeks advice without a concern about how others will perceive them
Middle (Levels%2038a094b7550d4c1cb7b5cdf494bc6b0f/Staff%20levels%20a09c5732ed894c10b92492cb8dc8f5c1/Middle%20c45b4e97cb2d49a2b73a1e55b95ceb26.html),Radiate truth (Company%20roles%20d961012e6fc04f329b876179617803d8/Culture%20and%20values%20be3138c1cf0a4ebe8628f14448654682/Company%20Values%20c65e8769a562453b88b3131ca818103f/Radiate%20truth%2052ad44ce6a014b66b7251968c7f37d41.html),Feedback,"Regularly delivers praise and constructive critique to their teammates.
"
Middle (Levels%2038a094b7550d4c1cb7b5cdf494bc6b0f/Staff%20levels%20a09c5732ed894c10b92492cb8dc8f5c1/Middle%20c45b4e97cb2d49a2b73a1e55b95ceb26.html),Radiate truth (Company%20roles%20d961012e6fc04f329b876179617803d8/Culture%20and%20values%20be3138c1cf0a4ebe8628f14448654682/Company%20Values%20c65e8769a562453b88b3131ca818103f/Radiate%20truth%2052ad44ce6a014b66b7251968c7f37d41.html),Feedback,"Delivers feedback not only to their peers, but also to other roles they collaborate with when an opportunity arises"
Middle (Levels%2038a094b7550d4c1cb7b5cdf494bc6b0f/Staff%20levels%20a09c5732ed894c10b92492cb8dc8f5c1/Middle%20c45b4e97cb2d49a2b73a1e55b95ceb26.html),Radiate truth (Company%20roles%20d961012e6fc04f329b876179617803d8/Culture%20and%20values%20be3138c1cf0a4ebe8628f14448654682/Company%20Values%20c65e8769a562453b88b3131ca818103f/Radiate%20truth%2052ad44ce6a014b66b7251968c7f37d41.html),Feedback,Actively seeks out feedback from their teammates and project leaders
Middle (Levels%2038a094b7550d4c1cb7b5cdf494bc6b0f/Staff%20levels%20a09c5732ed894c10b92492cb8dc8f5c1/Middle%20c45b4e97cb2d49a2b73a1e55b95ceb26.html),Radiate truth (Company%20roles%20d961012e6fc04f329b876179617803d8/Culture%20and%20values%20be3138c1cf0a4ebe8628f14448654682/Company%20Values%20c65e8769a562453b88b3131ca818103f/Radiate%20truth%2052ad44ce6a014b66b7251968c7f37d41.html),Feedback,Uses the received feedback as a tool for growth. Demonstrates actions made based on feedback
Senior / Manager (Levels%2038a094b7550d4c1cb7b5cdf494bc6b0f/Staff%20levels%20a09c5732ed894c10b92492cb8dc8f5c1/Senior%20Manager%20c62668f450704b73b87d66b506b315ab.html),Radiate truth (Company%20roles%20d961012e6fc04f329b876179617803d8/Culture%20and%20values%20be3138c1cf0a4ebe8628f14448654682/Company%20Values%20c65e8769a562453b88b3131ca818103f/Radiate%20truth%2052ad44ce6a014b66b7251968c7f37d41.html),Feedback,"Consistently gives good quality feedback, both praise and suggestions for improvement"
Senior / Manager (Levels%2038a094b7550d4c1cb7b5cdf494bc6b0f/Staff%20levels%20a09c5732ed894c10b92492cb8dc8f5c1/Senior%20Manager%20c62668f450704b73b87d66b506b315ab.html),Radiate truth (Company%20roles%20d961012e6fc04f329b876179617803d8/Culture%20and%20values%20be3138c1cf0a4ebe8628f14448654682/Company%20Values%20c65e8769a562453b88b3131ca818103f/Radiate%20truth%2052ad44ce6a014b66b7251968c7f37d41.html),Feedback,Proactively and regularly delivers constructive feedback to the people they collaborate with
Senior / Manager (Levels%2038a094b7550d4c1cb7b5cdf494bc6b0f/Staff%20levels%20a09c5732ed894c10b92492cb8dc8f5c1/Senior%20Manager%20c62668f450704b73b87d66b506b315ab.html),Radiate truth (Company%20roles%20d961012e6fc04f329b876179617803d8/Culture%20and%20values%20be3138c1cf0a4ebe8628f14448654682/Company%20Values%20c65e8769a562453b88b3131ca818103f/Radiate%20truth%2052ad44ce6a014b66b7251968c7f37d41.html),Feedback,"Not afraid to speak truth to power, and as such is trusted by the business to have an honest opinion"
Senior / Manager (Levels%2038a094b7550d4c1cb7b5cdf494bc6b0f/Staff%20levels%20a09c5732ed894c10b92492cb8dc8f5c1/Senior%20Manager%20c62668f450704b73b87d66b506b315ab.html),Radiate truth (Company%20roles%20d961012e6fc04f329b876179617803d8/Culture%20and%20values%20be3138c1cf0a4ebe8628f14448654682/Company%20Values%20c65e8769a562453b88b3131ca818103f/Radiate%20truth%2052ad44ce6a014b66b7251968c7f37d41.html),Feedback,"Practices radical candor—timely, clear and directed feedback"
Senior / Manager (Levels%2038a094b7550d4c1cb7b5cdf494bc6b0f/Staff%20levels%20a09c5732ed894c10b92492cb8dc8f5c1/Senior%20Manager%20c62668f450704b73b87d66b506b315ab.html),Radiate truth (Company%20roles%20d961012e6fc04f329b876179617803d8/Culture%20and%20values%20be3138c1cf0a4ebe8628f14448654682/Company%20Values%20c65e8769a562453b88b3131ca818103f/Radiate%20truth%2052ad44ce6a014b66b7251968c7f37d41.html),Feedback,Works on a project level to  foster a culture of seeking out feedback and using it as a tool for growth
Senior / Manager (Levels%2038a094b7550d4c1cb7b5cdf494bc6b0f/Staff%20levels%20a09c5732ed894c10b92492cb8dc8f5c1/Senior%20Manager%20c62668f450704b73b87d66b506b315ab.html),Radiate truth (Company%20roles%20d961012e6fc04f329b876179617803d8/Culture%20and%20values%20be3138c1cf0a4ebe8628f14448654682/Company%20Values%20c65e8769a562453b88b3131ca818103f/Radiate%20truth%2052ad44ce6a014b66b7251968c7f37d41.html),Feedback,"Asks for ad-hoc feedback in appropriate situations (important presentation, discussion, interviews, etc.)"
Staff / Lead / Head (Levels%2038a094b7550d4c1cb7b5cdf494bc6b0f/Staff%20levels%20a09c5732ed894c10b92492cb8dc8f5c1/Staff%20Lead%20Head%2089947324a2ed488c937233ef5541ff67.html),Radiate truth (Company%20roles%20d961012e6fc04f329b876179617803d8/Culture%20and%20values%20be3138c1cf0a4ebe8628f14448654682/Company%20Values%20c65e8769a562453b88b3131ca818103f/Radiate%20truth%2052ad44ce6a014b66b7251968c7f37d41.html),Feedback,Works on a team-level to foster a culture of seeking out feedback and using it as a tool for growth
Staff / Lead / Head (Levels%2038a094b7550d4c1cb7b5cdf494bc6b0f/Staff%20levels%20a09c5732ed894c10b92492cb8dc8f5c1/Staff%20Lead%20Head%2089947324a2ed488c937233ef5541ff67.html),Radiate truth (Company%20roles%20d961012e6fc04f329b876179617803d8/Culture%20and%20values%20be3138c1cf0a4ebe8628f14448654682/Company%20Values%20c65e8769a562453b88b3131ca818103f/Radiate%20truth%2052ad44ce6a014b66b7251968c7f37d41.html),Feedback,Fosters a culture of delivering praise and constructive feedback within their team
Staff / Lead / Head (Levels%2038a094b7550d4c1cb7b5cdf494bc6b0f/Staff%20levels%20a09c5732ed894c10b92492cb8dc8f5c1/Staff%20Lead%20Head%2089947324a2ed488c937233ef5541ff67.html),,Feedback,Others turn to them for help giving difficult feedback
Principal / Director / Group EM (Levels%2038a094b7550d4c1cb7b5cdf494bc6b0f/Staff%20levels%20a09c5732ed894c10b92492cb8dc8f5c1/Principal%20Director%20Group%20EM%20e42b22e26779451db495b31d8fd62b42.html),,Feedback,Helps with implementing the best practices for giving feedback across teams
Fellow / C* / VP (Levels%2038a094b7550d4c1cb7b5cdf494bc6b0f/Staff%20levels%20a09c5732ed894c10b92492cb8dc8f5c1/Fellow%20C%20VP%20b004ca0f8c114731a620e16615c073ef.html),,Feedback,Fosters feedback culture
Middle (Levels%2038a094b7550d4c1cb7b5cdf494bc6b0f/Staff%20levels%20a09c5732ed894c10b92492cb8dc8f5c1/Middle%20c45b4e97cb2d49a2b73a1e55b95ceb26.html),Team effort (Company%20roles%20d961012e6fc04f329b876179617803d8/Culture%20and%20values%20be3138c1cf0a4ebe8628f14448654682/Company%20Values%20c65e8769a562453b88b3131ca818103f/Team%20effort%20946788035d7f4462b4228eee8a4ca7ca.html),Ownership and drive,Accountable for the quality and timeline of an outcome of their work and cares about the outcome of the team (proactively takes ownership of some of the actions the team needs to do)
Middle (Levels%2038a094b7550d4c1cb7b5cdf494bc6b0f/Staff%20levels%20a09c5732ed894c10b92492cb8dc8f5c1/Middle%20c45b4e97cb2d49a2b73a1e55b95ceb26.html),Adapt to change (Company%20roles%20d961012e6fc04f329b876179617803d8/Culture%20and%20values%20be3138c1cf0a4ebe8628f14448654682/Company%20Values%20c65e8769a562453b88b3131ca818103f/Adapt%20to%20change%200120570929b4435b85fc70bb12b43bf6.html),Ownership and drive,Actively seeks solutions they believe will unblock the progress in their work
Middle (Levels%2038a094b7550d4c1cb7b5cdf494bc6b0f/Staff%20levels%20a09c5732ed894c10b92492cb8dc8f5c1/Middle%20c45b4e97cb2d49a2b73a1e55b95ceb26.html),New horizons (Company%20roles%20d961012e6fc04f329b876179617803d8/Culture%20and%20values%20be3138c1cf0a4ebe8628f14448654682/Company%20Values%20c65e8769a562453b88b3131ca818103f/New%20horizons%2016e68e884b454060a2de1faeec40eece.html),Ownership and drive,Proactively stepping up and taking ownership of problems which are not owned by anyone within their role context
Senior / Manager (Levels%2038a094b7550d4c1cb7b5cdf494bc6b0f/Staff%20levels%20a09c5732ed894c10b92492cb8dc8f5c1/Senior%20Manager%20c62668f450704b73b87d66b506b315ab.html),Team effort (Company%20roles%20d961012e6fc04f329b876179617803d8/Culture%20and%20values%20be3138c1cf0a4ebe8628f14448654682/Company%20Values%20c65e8769a562453b88b3131ca818103f/Team%20effort%20946788035d7f4462b4228eee8a4ca7ca.html),Ownership and drive,Accountable for the quality of the outcome of their team
Senior / Manager (Levels%2038a094b7550d4c1cb7b5cdf494bc6b0f/Staff%20levels%20a09c5732ed894c10b92492cb8dc8f5c1/Senior%20Manager%20c62668f450704b73b87d66b506b315ab.html),New horizons (Company%20roles%20d961012e6fc04f329b876179617803d8/Culture%20and%20values%20be3138c1cf0a4ebe8628f14448654682/Company%20Values%20c65e8769a562453b88b3131ca818103f/New%20horizons%2016e68e884b454060a2de1faeec40eece.html),Ownership and drive,Proactively steps up and takes ownership of problems which are not owned by anyone within their team context
Senior / Manager (Levels%2038a094b7550d4c1cb7b5cdf494bc6b0f/Staff%20levels%20a09c5732ed894c10b92492cb8dc8f5c1/Senior%20Manager%20c62668f450704b73b87d66b506b315ab.html),New horizons (Company%20roles%20d961012e6fc04f329b876179617803d8/Culture%20and%20values%20be3138c1cf0a4ebe8628f14448654682/Company%20Values%20c65e8769a562453b88b3131ca818103f/New%20horizons%2016e68e884b454060a2de1faeec40eece.html),Ownership and drive,"Fully autonomous in establishing goals and keeping track of them, even when faced with multiple obstacles in a team context"
Staff / Lead / Head (Levels%2038a094b7550d4c1cb7b5cdf494bc6b0f/Staff%20levels%20a09c5732ed894c10b92492cb8dc8f5c1/Staff%20Lead%20Head%2089947324a2ed488c937233ef5541ff67.html),Radiate truth (Company%20roles%20d961012e6fc04f329b876179617803d8/Culture%20and%20values%20be3138c1cf0a4ebe8628f14448654682/Company%20Values%20c65e8769a562453b88b3131ca818103f/Radiate%20truth%2052ad44ce6a014b66b7251968c7f37d41.html),Ownership and drive,Motivates others when facing a new situation